Country Name,Country Code,1960,1961,1962,1963,1964,1965,1966,1967,1968,1969,1970,1971,1972,1973,1974,1975,1976,1977,1978,1979,1980,1981,1982,1983,1984,1985,1986,1987,1988,1989,1990,1991,1992,1993,1994,1995,1996,1997,1998,1999,2000,2001,2002,2003,2004,2005,2006,2007,2008,2009,2010,2011,2012,2013,2014,2015,2016,2017,2018,2019,2020
Africa Eastern and Southern,AFE,19313106302,19723488057,21493920015,25733212134,23527443251,26810567154,29152157362,30173172663,32877055829,37744346869,40315782854,44476662703,48301485014,62983498805,78250886611,83435565923,83210426602,94988948105,1.06E+11,1.24E+11,1.57E+11,1.6E+11,1.55E+11,1.6E+11,1.46E+11,1.3E+11,1.47E+11,1.8E+11,1.89E+11,1.95E+11,2.12E+11,2.21E+11,2.2E+11,2.34E+11,2.39E+11,2.7E+11,2.68E+11,2.82E+11,2.66E+11,2.62E+11,2.84E+11,2.59E+11,2.65E+11,3.53E+11,4.39E+11,5.12E+11,5.76E+11,6.61E+11,7.08E+11,7.13E+11,8.47E+11,9.43E+11,9.51E+11,9.64E+11,9.85E+11,9.2E+11,8.73E+11,9.85E+11,1.01E+12,1.01E+12,9.21E+11
Africa Western and Central,AFW,10404280784,11128050589,11943353288,12676515454,13838577015,14862472886,15832846881,14426432397,14880350847,16882094303,23504608015,20832819361,25264956496,31273822294,44214489606,51444737234,62129396933,65315014927,71199715512,88628410997,1.12E+11,2.11E+11,1.87E+11,1.38E+11,1.14E+11,1.17E+11,1.07E+11,1.1E+11,1.09E+11,1.02E+11,1.22E+11,1.17E+11,1.18E+11,98826405551,86281770253,1.08E+11,1.26E+11,1.27E+11,1.3E+11,1.38E+11,1.4E+11,1.48E+11,1.77E+11,2.05E+11,2.54E+11,3.11E+11,3.93E+11,4.62E+11,5.66E+11,5.07E+11,5.92E+11,6.71E+11,7.28E+11,8.21E+11,8.65E+11,7.61E+11,6.91E+11,6.84E+11,7.42E+11,7.95E+11,7.85E+11
Australia,AUS,18606786874,19683055213,19922723709,21539926084,23801097547,25977153097,27309889125,30444618658,32716989584,36686079068,41337215814,45222309329,52051401869,63844971172,88981577008,97333060221,1.05E+11,1.1E+11,1.19E+11,1.35E+11,1.5E+11,1.77E+11,1.94E+11,1.77E+11,1.94E+11,1.81E+11,1.82E+11,1.89E+11,2.36E+11,3E+11,3.11E+11,3.26E+11,3.25E+11,3.12E+11,3.23E+11,3.68E+11,4.01E+11,4.35E+11,3.99E+11,3.89E+11,4.16E+11,3.79E+11,3.95E+11,4.67E+11,6.14E+11,6.95E+11,7.48E+11,8.54E+11,1.06E+12,9.28E+11,1.15E+12,1.4E+12,1.55E+12,1.58E+12,1.47E+12,1.35E+12,1.21E+12,1.33E+12,1.43E+12,1.39E+12,1.33E+12
Austria,AUT,6592693841,7311749633,7756110210,8374175258,9169983886,9994070616,10887682273,11579431669,12440625313,13582798556,15373005557,17858486067,22059612477,29515467707,35189299912,40059206763,42959976222,51545758888,62052259073,73937296963,82058912997,71034228443,71275287570,72121016547,67985344887,69386774408,99036164939,1.24E+11,1.33E+11,1.33E+11,1.66E+11,1.74E+11,1.95E+11,1.9E+11,2.04E+11,2.41E+11,2.37E+11,2.13E+11,2.18E+11,2.17E+11,1.97E+11,1.97E+11,2.13E+11,2.62E+11,3.01E+11,3.16E+11,3.36E+11,3.89E+11,4.3E+11,4E+11,3.92E+11,4.31E+11,4.09E+11,4.3E+11,4.42E+11,3.82E+11,3.96E+11,4.16E+11,4.55E+11,4.45E+11,4.33E+11
Burundi,BDI,195999990,202999992,213500006,232749998,260750008,158994963,165444571.4,178297142.9,183200000,190205714.3,242732571.4,252842285.7,246804571.4,304339839.6,345263492.1,420986666.7,448412753.6,547535555.6,610225555.6,782496666.7,919726666.7,969046666.7,1013222222,1082926304,987143931.2,1149979286,1201725497,1131466494,1082403219,1113924130,1132101253,1167398478,1083037671,938632612,925030590.2,1000428394,869033856.3,972896267.9,893770806.1,808077223.4,870486065.9,876794723.1,825394490.2,784654423.6,915257323.4,1117113046,1273375020,1356199365,1611835902,1781455092,2032135247,2235820868,2333308099,2451625333,2705783272,3104394858,2732808557,2748180474,2668495743,2631434363,2841786382
Belgium,BEL,11658722591,12400145222,13264015675,14260017387,15960106681,17371457608,18651883472,19992040788,21376353113,23710735895,26706196047,29821661870,37209418019,47743801490,56033077879,65678189097,71113882968,82839905459,1.01E+11,1.16E+11,1.27E+11,1.05E+11,92095926188,87184239053,83349530159,86268264148,1.2E+11,1.49E+11,1.62E+11,1.64E+11,2.05E+11,2.11E+11,2.35E+11,2.25E+11,2.45E+11,2.88E+11,2.79E+11,2.53E+11,2.59E+11,2.58E+11,2.36E+11,2.37E+11,2.57E+11,3.17E+11,3.69E+11,3.86E+11,4.08E+11,4.7E+11,5.15E+11,4.81E+11,4.81E+11,5.23E+11,4.96E+11,5.22E+11,5.35E+11,4.62E+11,4.76E+11,5.02E+11,5.43E+11,5.35E+11,5.22E+11
Benin,BEN,226195579.4,235668222.4,236434906.8,253927646.5,269818988.3,289908720.6,302925280.8,306222000.4,326323097.4,330748211.5,333627758.2,335072975.2,410331901,504376035.7,554654787,676870140.3,698408244.4,750049739.2,928843304.8,1186231265,1405251547,1291119965,1267778489,1095348303,1051133927,1045712703,1336102041,1562412030,1620246187,1502294411,1959965244,1986437860,1695315306,2274557914,1598075932,2169627251,2361116588,2268301538,2455092582,3677394292,3519991326,3666222600,4194342849,5349258334,6190270756,6567654494,7034111651,8169048690,9787735426,9738626993,9535344283,10693321954,11141358945,12517845732,13284528654,11388160958,11821066153,12701654743,14262407012,14391686633,15651545332
Burkina Faso,BFA,330442817.2,350247237.1,379567023.3,394040588.3,410321618.2,422916848.4,433889831.6,450753993.2,460442678.2,478298597.6,458404330.1,482411103.8,578595584,674773518.4,751133330.6,939972703.5,976547163.5,1131224818,1475583383,1748480982,1928719477,1775842026,1754449845,1600278756,1459880019,1552493068,2036303381,2369834650,2616040646,2615587726,3101300642,3135045684,3356692518,3199536228,1895290623,2379518099,2586550747,2447668985,2804902248,3389566983,2968369991,3190371050,3622350204,4740768355,5451688868,6146352742,6547420134,7625723124,9451436359,9450697336,10109618964,12080296644,12561016091,13444301139,13943016924,11832159276,12833363370,14106956830,15890065020,16178162030,17933606353
Bangladesh,BGD,4274893913,4817580184,5081413340,5319458351,5386054619,5906636557,6439687598,7253575399,7483685474,8471006101,8992721809,8751842840,6288245867,8086725729,12512460520,19448348073,10117113333,9651149302,13281767143,15565480322,18138049096,20249694002,18525399202,17609048822,18920840000,22278423077,21774033333,24298032258,26579005760,28781714764,31598341234,30957483950,31708874594,33166519418,33768660883,37939748769,46438484108,48244309133,49984559471,51270569884,53369787319,53991289844,54724081491,60158929188,65108544250,69442943089,71819083684,79611888213,91631278239,1.02E+11,1.15E+11,1.29E+11,1.33E+11,1.5E+11,1.73E+11,1.95E+11,2.21E+11,2.5E+11,2.74E+11,3.03E+11,3.23E+11
"Bahamas, The",BHS,169803921.6,190098039.2,212254902,237745098,266666666.7,300392156.9,340000000,390196078.4,444901960.8,528137254.9,538423153.7,573400000,590900000,670900000,632400000,596200000,642100000,713000000,832400000,1139800100,1335300000,1426500000,1578300000,1732800000,2041100000,2320699900,2472500000,2713999900,2817900000,3062000000,3166000000,3111160000,3109000000,3092000000,3259000000,3429000000,3609000000,6332360000,6833220000,7683870000,8076470000,8317830000,8881160000,8870090000,9055290000,9836200000,10167250000,10618340000,10526000000,9981960000,10095760000,10070450000,10720500000,10494600000,11142900000,11890600000,11992600000,12359700000,12837800000,13164400000,9907500000
Belize,BLZ,28071888.56,29964370.71,31856922.86,33749405.01,36193826.12,40069930.07,44405594.41,47379310.34,44910179.64,47305389.22,53233532.93,59207317.07,66062500,78343558.28,103216374.3,118066298.3,96905829.6,117650000,136300000,151800000,197938222.4,196089854.7,182206327,192103186,214381949,212643742.7,231638320.5,281082558.6,320093360.3,369133890.7,412086445.5,444720750,518559700,560205300,581269550,620422500,641660000,654582900,689140000,732732350,832072450,868358750,925197950,983575600,1051386600,1102564900,1210603750,1271598050,1351338650,1317309450,1377177100,1460797903,1522897506,1579411253,1667335061,1721700991,1789304088,1858529677,1915899787,1982518541,1636280797
Bermuda,BMU,84466654.08,89249986.7,94149985.97,96366652.3,107566650.6,114339049,134173373.8,155102984.6,150000000,164900000,186300000,211100000,235400000,269500000,312600000,345000000,386300000,447000000,475800000,517200000,613299968,739100032,785500032,889400000,985699968,1039500032,1173500032,1296499968,1415100032,1501500032,1592400000,1634900000,1679900000,1820359900,1867160100,2030750000,2695390000,2932827000,3130748000,3324433000,3480219000,3680483000,3937228000,4186525000,4484703000,4868136000,6144000000,6767000000,6980000000,6656000000,6634526000,6312691000,6378188000,6465756000,6413988000,6654541000,6899911000,7142316000,7224329000,7484113000,6842700000
Bolivia,BOL,373879363.6,406684585.7,444665186.4,478805990.1,539491477.3,604377104.4,669191919.2,755808080.8,857912457.9,929629629.6,1017003367,1095622896,1257615645,1262968516,2100249875,2404697651,2731984008,3227436282,3758220890,4421343606,4526916803,5872756933,5587490265,5422440962,6169501038,5377277407,3958338883,4323623622,4597615563,4715978868,4867582620,5343274312,5643893347,5734676561,5981244887,6715220507,7396966657,7925673448,8497545598,8285075872,8397912509,8141537938,7905485216,8082364868,8773451739,9549077869,11451869165,13120183157,16674324634,17339992165,19649631314,23963033431,27084497483,30659338880,32996188013,33000198248,33941126200,37508642165,40287647930,40895322844,36572764863
Botswana,BWA,30412308.99,32902336.64,35643207.63,38091150.57,41613969.05,45790869.75,51464435.15,58646443.51,66248256.62,77356914.08,96245114.46,127456485.1,164466873.7,244129088,306033848.4,355172413.8,372010119.6,451603325.4,590376720.6,819877300.6,1060923829,1073861599,1014907255,1172258182,1240796365,1114764007,1392634772,1965274882,2644536804,3083800685,3790567052,3942792837,4146513722,4160086253,4259330999,4730611067,4847752843,5020214747,4790458837,5484257417,5788329609,5489608300,5438857107,7511582173,8957467707,9918907108,10137883299,10939053365,10945070442,10267133178,12786654498,15351972361,14380004175,14901750991,15654660710,13578754072,15082578065,16088437675,16914245098,16593720656,15061922802
Central African Republic,CAF,112155598.9,123134584.5,124482748.9,129379097.9,142025069.5,150574816.3,157930041.9,163820538.9,191767437,188039191.3,189106554.5,201450768.4,230317908,271183061.4,281398668.2,378660016.3,451152450,507298120.7,610578523.8,700764892.7,797048028.8,694803502.7,748312283.7,658679394.9,637820620.7,864849765.1,1122265026,1200991826,1264899368,1233930277,1440711396,1377375031,1411917558,1278781167,851174350.6,1115389732,1007791186,937741468,967338348.7,999477510.7,914500299.1,931833302.8,991387870.1,1139754799,1270080251,1337362392,1460561215,1697565949,1985240986,2059094048,2142591376,2437982840,2510126699,1691544192,1894813505,1695825708,1825018191,2072349794,2220978978,2220307369,2380087758
Canada,CAN,40461721693,40934952064,42227447632,45029988561,49377522897,54515179581,61088384037,65668655501,71829810520,79148411662,87896095320,99271961775,1.13E+11,1.31E+11,1.6E+11,1.74E+11,2.07E+11,2.12E+11,2.19E+11,2.43E+11,2.74E+11,3.06E+11,3.14E+11,3.41E+11,3.55E+11,3.65E+11,3.77E+11,4.31E+11,5.07E+11,5.65E+11,5.94E+11,6.1E+11,5.92E+11,5.77E+11,5.78E+11,6.04E+11,6.29E+11,6.55E+11,6.34E+11,6.78E+11,7.45E+11,7.39E+11,7.61E+11,8.96E+11,1.03E+12,1.17E+12,1.32E+12,1.47E+12,1.55E+12,1.37E+12,1.62E+12,1.79E+12,1.83E+12,1.85E+12,1.81E+12,1.56E+12,1.53E+12,1.65E+12,1.73E+12,1.74E+12,1.65E+12
Chile,CHL,4110000000,4609727273,5416272727,5668187500,5982347826,6026593750,7072641026,7013196078,7167086957,8377093023,9126309735,10884114754,11853817308,16836261173,16210404184,7622217352,10341925249,13962893422,15989933708,21803696985,29036709872,34509878044,25325893206,20355959237,19622527480,17702885394,18891048819,22255407685,26040229793,29885685143,33113887818,37834793730,45964327559,49297773130,57008425296,73447063319,78039572222,84952360922,81577430181,75173794497,77860932152,70979923960,69736811435,75643459840,99210392858,1.23E+11,1.55E+11,1.74E+11,1.8E+11,1.72E+11,2.19E+11,2.52E+11,2.67E+11,2.78E+11,2.61E+11,2.44E+11,2.5E+11,2.77E+11,2.98E+11,2.79E+11,2.53E+11
China,CHN,59716467625,50056868958,47209359006,50706799903,59708343489,70436266147,76720285970,72881631327,70846535056,79705906247,92602973434,99800958648,1.14E+11,1.39E+11,1.44E+11,1.63E+11,1.54E+11,1.75E+11,1.5E+11,1.78E+11,1.91E+11,1.96E+11,2.05E+11,2.31E+11,2.6E+11,3.09E+11,3.01E+11,2.73E+11,3.12E+11,3.48E+11,3.61E+11,3.83E+11,4.27E+11,4.45E+11,5.64E+11,7.35E+11,8.64E+11,9.62E+11,1.03E+12,1.09E+12,1.21E+12,1.34E+12,1.47E+12,1.66E+12,1.96E+12,2.29E+12,2.75E+12,3.55E+12,4.59E+12,5.1E+12,6.09E+12,7.55E+12,8.53E+12,9.57E+12,1.05E+13,1.11E+13,1.12E+13,1.23E+13,1.39E+13,1.43E+13,1.47E+13
Cote d'Ivoire,CIV,546203561.6,618245639.2,645284344.7,761047045.8,921063266.4,919771356.4,1024103034,1082922892,1281281246,1361360157,1455482990,1584128262,1849400600,2508421235,3070151901,3893839190,4662053708,6265067858,7900524898,9142935858,10175615442,8432588484,7567109767,6838185419,6841638715,6977650069,9158302205,10087653189,10255170460,9757410614,10795850107,10492628915,11152971316,11045759469,8313557450,11000146839,18071153890,18047557172,19619653924,18870992456,16577533355,16810536884,18054384023,21251755294,23510577108,24036917017,25281414473,28760092035,34078243426,33886814907,34936305297,36693712825,36302305578,42760237561,48843008580,45814637971,47964234560,51588158718,58011466451,58539424930,61348579465
Cameroon,CMR,614206071,652777613.6,694247725.5,718320701.4,776650126.2,814083378.5,851112662.7,936175404.6,1046191192,1100551379,1151217147,1236941201,1498252050,1901393216,2157415246,2857037371,2898089929,3394663844,4662851757,5919004207,6674567625,6610937473,6611255018,6870200659,7311937457,8544809794,11857056336,13049658331,12236058143,11012566161,12314482085,11840192674,12071775381,16181813512,8902446188,10864773037,11093539497,10789457915,11298144512,11565827386,10566578953,10953485244,12417251816,15970315751,18826215278,19509850837,20910513975,23928251334,27715144580,27932971683,27507499709,30630912185,30155064574,33728622819,36386546918,32210232912,33814337900,36098550142,39973839065,39670977333,40804449726
"Congo, Dem. Rep.",COD,3359404118,3086746857,3779841429,6213185743,2881545273,4043901818,4532660182,3384063372,3909780539,5032434970,4877684910,5594770359,6173712814,7870239461,9596960180,10237343174,9648583225,12344424764,15372608002,15068422236,14394927495,12537821038,13651667371,11006712650,7857729193,7195042616,8095367168,7661625473,8861299977,9021862775,9349764580,9633911368,8227200892,10706246371,5840529412,5647034188,5772020526,6091061291,6215716712,4711259427,19088046306,7438189100,8728038525,8937567060,10297483481,11964484668,14451902468,16737071816,19788515874,18648373312,21565720044,25839749199,29306235826,32679745298,35909040266,37917704900,37134799975,38019265626,47146004587,50400747050,48716960860
"Congo, Rep.",COG,131731862.6,151675739.2,166521239.9,172233430.9,185693724.8,198318063.9,220613582.4,237397428.3,251247458,265040036.1,274960699.9,322128019.3,410669262.9,541973362.5,585364635.4,767102679,754549600.5,765224030.6,878771771.3,1198749666,1705796850,1993512326,2160640567,2097274290,2193581366,2160872541,1849268215,2297753649,2212536313,2389593022,2798746051,2724853593,2933222714,2684323424,1769365425,2116003978,2540697688,2322718991,1949481297,2353909564,3227927593,2796704577,3034251042,3503723245,4656975223,6647357442,8065134528,8771102025,11602893043,9684321633,13135580695,15634897273,17693924573,17953617927,17889079958,11885478502,10215989995,11090177747,13670036996,12750339023,10187122341
Colombia,COL,4031152977,4540447761,4955543963,4836166667,5973366667,5760761905,5428518519,5825170438,5960212869,6450175214,7198360460,7820380971,8671358733,10315760000,12370029584,13098633902,15341403660,19470960619,23263511958,27940411250,33400735644,36388366869,38968039722,38729822782,38253120738,34894411352,34942489684,36373307085,39212550050,39540080200,47844090710,49175565911,58418985443,66446804803,81703500846,92507279383,97160109278,1.07E+11,98443739941,86186158685,99886577331,98211749596,97963003805,94641378693,1.17E+11,1.46E+11,1.62E+11,2.06E+11,2.42E+11,2.32E+11,2.87E+11,3.35E+11,3.71E+11,3.82E+11,3.81E+11,2.93E+11,2.83E+11,3.12E+11,3.34E+11,3.23E+11,2.71E+11
Costa Rica,CRI,507513830,490325181.6,479180824.3,511902136.8,542578367.2,592981162.3,647305630.2,699456618.9,773841494.3,853630203.8,984830158.5,1077152902,1238251696,1528916185,1666544754,1960863466,2412555426,3072427013,3523208810,4035519323,4831447001,2623807074,2606621255,3146770104,3660476459,3919203960,4418983871,4532952047,4614629898,5251025767,5711687787,7196276092,8564044017,9582866263,10486784805,11578594260,11678424507,12614602382,13684255947,14254866281,15013629659,15976174337,16578820687,17271760507,18610594846,20040642477,22715540324,26884700345,30801744881,30745712007,37658614803,42762617082,47231651863,50949672206,52016408951,56441917653,58847016045,60516043590,62420165100,64072870932,61846895121
Caribbean small states,CSS,1880306125,2038301741,2153895648,2290313588,2470264540,2660946063,2888647978,3102515476,3083590687,3359706536,3695257613,4017606923,4639299319,5076285828,6595605183,7706760555,7932122921,9210482686,9433651129,10835423670,13495267730,14890317368,16517827317,16735576444,15982827317,15814747523,14441278728,15521747480,16459864447,16872897191,18011678552,17878504939,17575413724,19033356758,20014967687,22072783646,24081792639,28202808369,30129171334,31944649113,34218221461,35249133311,36990732762,39545920854,43259612458,48918948094,55671360538,61875369660,70340114413,59411440870,64524447018,69668271733,72051115324,73345409464,74470922980,73243299833,69598702058,71693634217,75312833438,76173669481,66039332389
Dominican Republic,DOM,672399700,654100200,824100000,940799900,1025599900,888100000,983900000,1034800000,1079100000,1230500000,1485500000,1666500000,1987400000,2344800000,2925700000,3599200000,3951500000,4587100000,4734400000,5498800000,6761300000,7561300000,8267400000,9220600000,11594000000,5044592945,6122198120,5826987099,5374314928,6686593060,7073675545,9824498183,11605382504,13081042400,14644711385,16637370839,18241691857,20017480055,21672231761,22136621337,24305717542,25601765401,27137508657,21403167848,22322395368,35777570136,37879869898,43965420072,48122547177,48261033298,53860175556,58029750746,60681537196,62682163837,67179914027,71164825257,75704720190,79997975622,85555378043,88941299734,78844702329
Algeria,DZA,2723593385,2434727330,2001428328,2702960118,2909292864,3136258897,3039834559,3370843066,3852115817,4257218772,4863487493,5077222367,6766766611,8707847924,13210029612,15557934268,17728347375,20971901273,26364491313,33243422158,42346380831,44348672668,45207088716,48801369800,53698278906,57937868670,63692238160,66746396416,59089067187,55634414465,62048562947,45715614560,48003078389,49945599429,42543178042,41764315330,46941582519,48177612042,48187747529,48640653469,54790392746,54744712815,56760355865,67863828413,85332581189,1.03E+11,1.17E+11,1.35E+11,1.71E+11,1.37E+11,1.61E+11,2E+11,2.09E+11,2.1E+11,2.14E+11,1.66E+11,1.6E+11,1.7E+11,1.75E+11,1.72E+11,1.45E+11
East Asia & Pacific (excluding high income),EAP,81340099380,71608358396,65391067390,70837966442,81755910516,95172561308,1.04E+11,1.01E+11,1.02E+11,1.15E+11,1.27E+11,1.37E+11,1.55E+11,1.96E+11,2.21E+11,2.49E+11,2.53E+11,2.92E+11,2.83E+11,3.28E+11,3.78E+11,4.04E+11,4.24E+11,4.44E+11,4.81E+11,5.26E+11,5.25E+11,5.19E+11,5.76E+11,6.22E+11,6.67E+11,7.24E+11,8.11E+11,8.9E+11,1.07E+12,1.32E+12,1.52E+12,1.57E+12,1.43E+12,1.58E+12,1.73E+12,1.85E+12,2.04E+12,2.31E+12,2.68E+12,3.11E+12,3.74E+12,4.73E+12,5.98E+12,6.48E+12,7.86E+12,9.61E+12,1.07E+13,1.18E+13,1.28E+13,1.33E+13,1.36E+13,1.48E+13,1.66E+13,1.71E+13,1.74E+13
Early-demographic dividend,EAR,1.57E+11,1.57E+11,1.62E+11,1.72E+11,1.97E+11,2.13E+11,2.11E+11,2.21E+11,2.4E+11,2.67E+11,2.83E+11,3.06E+11,3.35E+11,4.28E+11,6E+11,6.45E+11,7.05E+11,7.88E+11,8.75E+11,1.06E+12,1.32E+12,1.48E+12,1.41E+12,1.42E+12,1.41E+12,1.45E+12,1.46E+12,1.47E+12,1.54E+12,1.57E+12,1.84E+12,1.95E+12,2.14E+12,2.37E+12,2.49E+12,2.56E+12,2.79E+12,2.98E+12,2.94E+12,3.11E+12,3.38E+12,3.35E+12,3.26E+12,3.63E+12,4.22E+12,4.93E+12,5.63E+12,6.67E+12,7.52E+12,7.26E+12,8.8E+12,9.65E+12,1.01E+13,1.03E+13,1.06E+13,1.01E+13,1.03E+13,1.11E+13,1.12E+13,1.15E+13,1.07E+13
East Asia & Pacific,EAS,1.55E+11,1.55E+11,1.58E+11,1.77E+11,2.03E+11,2.26E+11,2.52E+11,2.73E+11,3.01E+11,3.47E+11,4.09E+11,4.54E+11,5.63E+11,7.42E+11,8.55E+11,9.36E+11,1.03E+12,1.23E+12,1.55E+12,1.68E+12,1.82E+12,2E+12,1.96E+12,2.09E+12,2.24E+12,2.36E+12,3.08E+12,3.62E+12,4.35E+12,4.54E+12,4.74E+12,5.35E+12,5.84E+12,6.54E+12,7.4E+12,8.41E+12,8.1E+12,7.74E+12,6.93E+12,7.74E+12,8.37E+12,7.79E+12,7.91E+12,8.7E+12,9.75E+12,1.04E+13,1.1E+13,1.23E+13,1.42E+13,1.46E+13,1.7E+13,1.98E+13,2.11E+13,2.14E+13,2.2E+13,2.2E+13,2.27E+13,2.43E+13,2.64E+13,2.7E+13,2.71E+13
Ecuador,ECU,2069465326,1753850417,1518208221,1824344492,2244146868,2387048255,2429309514,2553596092,2582180794,3112166848,2862504170,2754220263,3185987235,3891755552,6599259421,7731677257,9091924305,11026346590,11922502171,14175166008,17881514683,21810767209,19929853575,17152483214,16912515183,17149094590,15314143988,13945431882,13051886552,13890828708,15239278100,16988535268,18094238119,18938717359,22708673337,24432884442,25226393197,28162053027,27981896948,19645272636,18327764882,24468324000,28548945000,32432858000,36591661000,41507085000,46802044000,51007777000,61762635000,62519686000,69555367000,79276664000,87924544000,95129659000,1.02E+11,99290381000,99937696000,1.04E+11,1.08E+11,1.08E+11,98808010000
Euro area,EMU,2.45E+11,2.69E+11,2.99E+11,3.35E+11,3.73E+11,4.08E+11,4.45E+11,4.83E+11,5.19E+11,5.79E+11,6.43E+11,7.28E+11,8.8E+11,1.14E+12,1.3E+12,1.5E+12,1.57E+12,1.78E+12,2.18E+12,2.64E+12,2.96E+12,2.57E+12,2.49E+12,2.43E+12,2.33E+12,2.4E+12,3.36E+12,4.16E+12,4.57E+12,4.67E+12,5.88E+12,6.11E+12,6.75E+12,6.17E+12,6.52E+12,7.52E+12,7.6E+12,6.95E+12,7.15E+12,7.11E+12,6.48E+12,6.59E+12,7.17E+12,8.84E+12,1.01E+13,1.05E+13,1.12E+13,1.29E+13,1.41E+13,1.29E+13,1.26E+13,1.36E+13,1.26E+13,1.32E+13,1.35E+13,1.17E+13,1.2E+13,1.26E+13,1.37E+13,1.34E+13,1.3E+13
Spain,ESP,12072126075,13834300571,16138545209,19074913948,21343844644,24756958695,28721062242,31647119228,31475548481,36038711600,40992995008,46619420359,59132415221,78639525985,97274006346,1.15E+11,1.19E+11,1.32E+11,1.61E+11,2.15E+11,2.33E+11,2.03E+11,1.96E+11,1.71E+11,1.72E+11,1.81E+11,2.51E+11,3.19E+11,3.76E+11,4.15E+11,5.37E+11,5.77E+11,6.31E+11,5.25E+11,5.31E+11,6.15E+11,6.43E+11,5.9E+11,6.19E+11,6.35E+11,5.97E+11,6.27E+11,7.05E+11,9.05E+11,1.07E+12,1.15E+12,1.26E+12,1.47E+12,1.63E+12,1.49E+12,1.42E+12,1.48E+12,1.32E+12,1.35E+12,1.37E+12,1.2E+12,1.23E+12,1.31E+12,1.42E+12,1.39E+12,1.28E+12
Finland,FIN,5224102196,5921659485,6340580854,6885920329,7766655086,8589340019,9208524505,9368954010,8823033880,10070766721,11357516988,12527405513,14743186120,19472363467,24848821490,29472623242,31849513771,33499799321,36256160289,44465255686,53645202423,52448332874,52797582336,50973526900,52888800950,55875863392,73531550551,91594751792,1.09E+11,1.19E+11,1.41E+11,1.28E+11,1.13E+11,89214114708,1.03E+11,1.34E+11,1.32E+11,1.27E+11,1.34E+11,1.35E+11,1.26E+11,1.29E+11,1.4E+11,1.71E+11,1.97E+11,2.05E+11,2.17E+11,2.56E+11,2.85E+11,2.52E+11,2.49E+11,2.75E+11,2.58E+11,2.71E+11,2.74E+11,2.34E+11,2.41E+11,2.55E+11,2.76E+11,2.69E+11,2.7E+11
Fiji,FJI,112328422.1,116987784.9,122906435,129454728.6,140032741.5,147084750,150603925.5,162625885.9,166952937.1,182182067.7,219878482.2,247749327.7,316650509,425963359.4,558589870.9,684268280.8,694552411.7,719533137.1,829239489.8,1019743927,1202567359,1235665809,1194122694,1123107276,1177997414,1141123440,1290228617,1177908192,1109976928,1182686577,1337024782,1383843860,1532401863,1636074718,1825763268,1970347721,2128696644,2090184941,1653160862,1936484565,1678239218,1652464201,1833279985,2300453634,2708078477,2980484920,3076305453,3378314600,3523185920,2870624636,3140508836,3774530616,3972012571,4190143206,4856963230,4682546863,4930204230,5353404422,5581371848,5496264766,4533883782
France,FRA,62225478001,67461644222,75607529810,84759195106,94007851047,1.02E+11,1.1E+11,1.19E+11,1.3E+11,1.42E+11,1.48E+11,1.66E+11,2.03E+11,2.64E+11,2.86E+11,3.61E+11,3.72E+11,4.1E+11,5.07E+11,6.14E+11,7.01E+11,6.16E+11,5.85E+11,5.6E+11,5.31E+11,5.53E+11,7.71E+11,9.34E+11,1.02E+12,1.03E+12,1.27E+12,1.27E+12,1.4E+12,1.32E+12,1.39E+12,1.6E+12,1.61E+12,1.45E+12,1.5E+12,1.49E+12,1.36E+12,1.38E+12,1.49E+12,1.84E+12,2.12E+12,2.2E+12,2.32E+12,2.66E+12,2.92E+12,2.69E+12,2.64E+12,2.86E+12,2.68E+12,2.81E+12,2.85E+12,2.44E+12,2.47E+12,2.59E+12,2.79E+12,2.73E+12,2.63E+12
Gabon,GAB,141468978.4,167637908.5,182796536.5,154480244.2,215679855.3,226474285.6,245849781.7,271543680.3,294468564.5,318124701,323802475.5,381687073.1,430508357.7,722780701.1,1544216004,2157592937,3009409971,2809349074,2389479269,3030251116,4279637934,3862269127,3618007844,3391275731,3561451562,3339914759,3403638194,3281797039,3834503378,4186411457,5952293766,5402919957,5592390849,4378645081,4190819314,4958845906,5694040337,5326816859,4483417120,4662992036,5080483464,5023265365,5335451308,6511903657,7770219480,9582783318,10327598801,12455410056,15571349776,12113699661,14372591916,18210308748,17170465294,17595745653,18203968002,14383107714,14023890620,14929488771,16867325127,16874405840,15316826192
United Kingdom,GBR,73233967692,77741965703,81247564157,86561961812,94407558351,1.02E+11,1.09E+11,1.13E+11,1.08E+11,1.16E+11,1.31E+11,1.48E+11,1.7E+11,1.93E+11,2.06E+11,2.42E+11,2.33E+11,2.63E+11,3.36E+11,4.39E+11,5.65E+11,5.41E+11,5.15E+11,4.9E+11,4.61E+11,4.89E+11,6.01E+11,7.45E+11,9.1E+11,9.27E+11,1.09E+12,1.14E+12,1.18E+12,1.06E+12,1.14E+12,1.35E+12,1.42E+12,1.56E+12,1.65E+12,1.69E+12,1.66E+12,1.64E+12,1.78E+12,2.06E+12,2.42E+12,2.54E+12,2.72E+12,3.11E+12,2.94E+12,2.43E+12,2.49E+12,2.67E+12,2.72E+12,2.8E+12,3.09E+12,2.96E+12,2.72E+12,2.7E+12,2.9E+12,2.88E+12,2.76E+12
Ghana,GHA,1217230038,1302674264,1382515590,1540797517,1731296119,2053462872,2126300573,1747187539,1666910166,1962051319,2215029450,2417107708,2112292945,2465492958,2894409938,2810106383,2765254237,3189428571,3662478185,4020227920,4445228216,4222441615,4035994398,4057275043,4412279843,4504342149,5727602645,5074829932,5197840979,5251764264,5889174825,6596546196,6413901602,5966255778,5444560669,6465137615,6934984709,6891308594,7480968858,7719354839,4983024408,5314909954,6166330136,7632406553,8881368538,10744675210,20440893017,24827844950,28678701891,26048108185,32197272797,39337314810,41270954737,62823043706,54782847753,49406568433,56165172899,60406382899,67299280680,68337537816,68532281806
Greece,GRC,4335186017,4961400439,5213047711,5895278024,6669673257,7689154053,8591517944,9275600800,10090675903,11615657031,13139863636,14591750000,16885511364,22347848101,25351306818,28525876727,31152835821,36176234968,44270204082,54481876725,56829664269,52346506765,54617989796,49428873839,48020024184,47820851221,56379593476,65652750377,76261277925,79169043223,97891092003,1.05E+11,1.16E+11,1.09E+11,1.17E+11,1.37E+11,1.46E+11,1.43E+11,1.44E+11,1.43E+11,1.3E+11,1.36E+11,1.54E+11,2.02E+11,2.41E+11,2.48E+11,2.73E+11,3.18E+11,3.54E+11,3.3E+11,2.97E+11,2.83E+11,2.42E+11,2.39E+11,2.35E+11,1.96E+11,1.93E+11,1.99E+11,2.12E+11,2.05E+11,1.89E+11
Guatemala,GTM,1043599900,1076699900,1143600000,1262800000,1299099900,1331399900,1390700000,1453500000,1610500000,1715399900,1904000000,1984800000,2101300000,2569200100,3161499900,3645900000,4365300200,5480500200,6070600200,6902600200,7878700000,8607500300,8716999700,9050000400,9470000100,9721652087,7231963516,7084399840,7841602824,8410724361,7650125217,9406097735,10440842165,11399942453,12983235568,14655404433,15674835615,17790026222,19395491993,18318412251,19288827159,18405203853,20444205991,21576351799,23577286227,26783543667,29744368111,33567868323,38503862831,37125943565,40676432029,46876114650,49593961142,52996540704,57852399964,62186186576,66053725049,71654134379,73208583759,77020015201,77604632171
Guyana,GUY,170215248.2,185848451.3,194948375.4,175756868.7,194773376.9,213235294.1,228705882.4,250176470.6,229750000,249300000,267800000,282050000,285380952.4,307047619,433954545.5,494791666.7,454440000,449880000,507080000,530440000,603200000,570357107.1,482000000,489333333.3,437631605.3,453488372.1,504651139.5,354591846.9,413799990,379779389.7,396582263.3,348533094.8,373573141.5,454101382.5,540874934.2,621626785.9,705406001.4,749138009.6,717530683.2,694754988.3,712667896.7,712167575.6,726131434.7,743064076.8,787814379.2,824880550.3,2379818383,2730971150,3025187924,3165663153,3432913073,3691384318,4063089192,4167800259,4127659492,4279840194,4482697337,4748174334,4787636237,5173760192,5471256595
High income,HIC,1.07E+12,1.13E+12,1.22E+12,1.31E+12,1.43E+12,1.56E+12,1.71E+12,1.83E+12,1.98E+12,2.18E+12,2.39E+12,2.65E+12,3.07E+12,3.72E+12,4.19E+12,4.68E+12,5.1E+12,5.77E+12,6.92E+12,8E+12,8.93E+12,9.07E+12,8.98E+12,9.27E+12,9.67E+12,1.02E+13,1.23E+13,1.43E+13,1.61E+13,1.68E+13,1.89E+13,2E+13,2.16E+13,2.17E+13,2.34E+13,2.6E+13,2.62E+13,2.57E+13,2.58E+13,2.71E+13,2.77E+13,2.74E+13,2.86E+13,3.2E+13,3.57E+13,3.77E+13,3.98E+13,4.35E+13,4.63E+13,4.34E+13,4.55E+13,4.91E+13,4.92E+13,4.98E+13,5.08E+13,4.81E+13,4.91E+13,5.13E+13,5.46E+13,5.5E+13,5.35E+13
"Hong Kong SAR, China",HKG,1320796652,1383681651,1612346412,1935298266,2206466461,2435078534,2489845017,2692474989,2716964388,3189740055,3800766536,4476001946,5710107420,8030117556,9388663646,10048022370,12876366009,15719433719,18315007366,22526035941,28861759209,31055409443,32291306282,29907091340,33511383986,35699543051,41075570592,50622571586,59707404561,68790369107,76928290842,88959620136,1.04E+11,1.2E+11,1.36E+11,1.45E+11,1.6E+11,1.77E+11,1.69E+11,1.66E+11,1.72E+11,1.69E+11,1.66E+11,1.61E+11,1.69E+11,1.82E+11,1.94E+11,2.12E+11,2.19E+11,2.14E+11,2.29E+11,2.49E+11,2.63E+11,2.76E+11,2.91E+11,3.09E+11,3.21E+11,3.41E+11,3.62E+11,3.63E+11,3.47E+11
Honduras,HND,335650000,356200000,387750000,410200000,457000000,508650000,549950000,598100000,646800000,668000050,723000000,731000000,802999950,912499950,1034500000,1124000000,1347999950,1669499950,3097242093,3544281976,3968160046,4043894879,4266503526,4476697185,4915311846,5278120713,5677828959,6190521241,5902717092,5432344902,4923009552,4648668479,4943700431,4926728933,4642280682,5347445005,5215028986,5737099650,6366340266,6414520530,7103826902,7565854724,7775251510,8140278401,8772169959,9672023050,10841724917,12275500116,13789443623,14486159608,15729649159,17588098575,18400538859,18372173381,19618567250,20833948800,21566622850,22975415842,23900438564,24915522849,23662231634
Heavily indebted poor countries (HIPC),HPC,17418918605,17870143017,19448655144,23465052191,20962585729,24482824415,26660840619,26116080029,27635788373,30708658406,32187736280,34658542639,37748208796,45656986573,55656405219,63584773949,67510535261,79369158171,91686116922,1.02E+11,1.09E+11,1.08E+11,1.08E+11,1.03E+11,1.03E+11,1.08E+11,1.25E+11,1.39E+11,1.38E+11,1.34E+11,1.4E+11,1.41E+11,1.32E+11,1.37E+11,1.16E+11,1.36E+11,1.47E+11,1.53E+11,1.62E+11,1.63E+11,1.76E+11,1.71E+11,1.85E+11,2.09E+11,2.41E+11,2.77E+11,3.26E+11,3.91E+11,4.66E+11,4.64E+11,5.05E+11,5.59E+11,5.79E+11,6.5E+11,6.88E+11,6.6E+11,6.68E+11,7.2E+11,7.68E+11,7.9E+11,7.98E+11
Haiti,HTI,273187200,271066000,281896800,294883400,325281200,353251800,368948600,369124200,367968800,391820400,331200000,362800000,372000000,466800000,565400000,681400000,879000000,947000000,974200000,1080600000,1383800000,1479400000,1474200000,1623600000,1816200000,2009400000,2318000000,2047200000,2613926800,2736243800,3096289800,3473540602,2257121668,1878248741,2167564195,2813313279,2907514523,3338938830,3723909227,4153736347,6813577558,6331961555,6058134467,4826827577,6036959915,7184064657,7518107787,9522763154,10485225353,11597014807,11859315079,13008754111,13708926466,14902474091,15139264670,14833154472,13987693739,15035560373,16455034353,14785839383,14508218017
IBRD only,IBD,3.23E+11,3.06E+11,3.14E+11,3.37E+11,3.81E+11,4.18E+11,4.32E+11,4.43E+11,4.68E+11,5.22E+11,5.68E+11,6.2E+11,6.98E+11,9.03E+11,1.14E+12,1.23E+12,1.33E+12,1.51E+12,1.63E+12,1.95E+12,2.3E+12,2.48E+12,2.46E+12,2.42E+12,2.47E+12,2.62E+12,2.72E+12,2.78E+12,3E+12,3.06E+12,3.52E+12,3.41E+12,3.62E+12,3.91E+12,4.33E+12,4.91E+12,5.36E+12,5.69E+12,5.52E+12,5.38E+12,5.85E+12,5.92E+12,6.01E+12,6.76E+12,8.06E+12,9.63E+12,1.14E+13,1.42E+13,1.7E+13,1.65E+13,2.01E+13,2.37E+13,2.52E+13,2.66E+13,2.75E+13,2.58E+13,2.6E+13,2.87E+13,3.05E+13,3.12E+13,2.99E+13
IDA & IBRD total,IBT,3.59E+11,3.46E+11,3.57E+11,3.86E+11,4.28E+11,4.71E+11,4.89E+11,5.01E+11,5.29E+11,5.91E+11,6.48E+11,6.99E+11,7.8E+11,9.96E+11,1.27E+12,1.38E+12,1.49E+12,1.68E+12,1.83E+12,2.18E+12,2.58E+12,2.9E+12,2.85E+12,2.74E+12,2.76E+12,2.92E+12,3.03E+12,3.12E+12,3.32E+12,3.38E+12,3.87E+12,3.77E+12,3.97E+12,4.25E+12,4.67E+12,5.3E+12,5.8E+12,6.14E+12,5.99E+12,5.86E+12,6.39E+12,6.46E+12,6.59E+12,7.4E+12,8.81E+12,1.05E+13,1.25E+13,1.54E+13,1.85E+13,1.8E+13,2.17E+13,2.54E+13,2.7E+13,2.85E+13,2.96E+13,2.78E+13,2.79E+13,3.07E+13,3.26E+13,3.34E+13,3.21E+13
IDA total,IDA,37096406470,39171910998,42212818827,47440359755,46316953287,52062026811,56494440043,56939198533,60012196796,67380577689,78229765508,78473597021,81963883270,94193980134,1.27E+11,1.52E+11,1.58E+11,1.73E+11,1.96E+11,2.29E+11,2.71E+11,4E+11,3.78E+11,3.16E+11,2.91E+11,3.04E+11,3.08E+11,3.35E+11,3.23E+11,3.19E+11,3.48E+11,3.53E+11,3.51E+11,3.41E+11,3.39E+11,3.91E+11,4.4E+11,4.58E+11,4.67E+11,4.82E+11,5.36E+11,5.39E+11,5.78E+11,6.44E+11,7.58E+11,8.86E+11,1.06E+12,1.24E+12,1.48E+12,1.46E+12,1.67E+12,1.67E+12,1.77E+12,1.92E+12,2.05E+12,2.02E+12,1.96E+12,2.03E+12,2.15E+12,2.24E+12,2.24E+12
IDA blend,IDB,12063628121,12910168929,13806056582,14611896046,15945498103,17314123646,18833575076,18930353850,19982313523,22860641669,31424476414,29185197343,32770621913,34960232851,50396446198,57971319765,69959468132,73756457219,80183403491,98426835474,1.26E+11,2.43E+11,2.22E+11,1.69E+11,1.45E+11,1.45E+11,1.31E+11,1.34E+11,1.38E+11,1.33E+11,1.46E+11,1.47E+11,1.48E+11,1.33E+11,1.33E+11,1.56E+11,1.72E+11,1.76E+11,1.74E+11,1.82E+11,2.07E+11,2.06E+11,2.28E+11,2.56E+11,3.12E+11,3.73E+11,4.67E+11,5.38E+11,6.4E+11,6.07E+11,7.1E+11,8.14E+11,9.01E+11,9.78E+11,1.05E+12,1.01E+12,9.42E+11,9.25E+11,9.66E+11,9.98E+11,9.62E+11
IDA only,IDX,25827821262,27069024092,29292286517,33956035134,31226319629,35798033953,38793754890,39158109671,41237121777,45818566360,47655485007,50449482123,50107543253,60636761247,78236195877,96279276874,89209070595,1E+11,1.18E+11,1.32E+11,1.45E+11,1.5E+11,1.49E+11,1.44E+11,1.45E+11,1.57E+11,1.77E+11,2.01E+11,1.85E+11,1.87E+11,2.01E+11,2.06E+11,2.03E+11,2.09E+11,2.06E+11,2.35E+11,2.69E+11,2.83E+11,2.95E+11,3.02E+11,3.3E+11,3.33E+11,3.51E+11,3.88E+11,4.46E+11,5.13E+11,5.9E+11,6.99E+11,8.38E+11,8.57E+11,9.58E+11,8.58E+11,8.65E+11,9.43E+11,1.01E+12,1.01E+12,1.02E+12,1.1E+12,1.18E+12,1.24E+12,1.28E+12
India,IND,37029883875,39232435784,42161481859,48421923459,56480289941,59554854575,45865462034,50134942203,53085455871,58447995017,62422483055,67350988021,71463193830,85515269586,99525899116,98472796457,1.03E+11,1.21E+11,1.37E+11,1.53E+11,1.86E+11,1.93E+11,2.01E+11,2.18E+11,2.12E+11,2.33E+11,2.49E+11,2.79E+11,2.97E+11,2.96E+11,3.21E+11,2.7E+11,2.88E+11,2.79E+11,3.27E+11,3.6E+11,3.93E+11,4.16E+11,4.21E+11,4.59E+11,4.68E+11,4.85E+11,5.15E+11,6.08E+11,7.09E+11,8.2E+11,9.4E+11,1.22E+12,1.2E+12,1.34E+12,1.68E+12,1.82E+12,1.83E+12,1.86E+12,2.04E+12,2.1E+12,2.29E+12,2.65E+12,2.7E+12,2.87E+12,2.66E+12
Ireland,IRL,1939329775,2088012282,2260349684,2430843768,2766608946,2945704143,3104034393,3343636773,3278584478,3787077344,4395995086,5098250287,6318060582,7481173066,7896860615,9483808362,9453756015,11248340431,14647996074,18319334300,21747855640,20670190138,21474752962,20766047764,20106648455,21270013326,28714571852,33920518493,37772896221,39238392678,49305632408,49787501584,55918538121,52417477614,57097656066,69139823232,75790786290,82856648758,90199410116,98860565736,99958806891,1.09E+11,1.28E+11,1.64E+11,1.94E+11,2.12E+11,2.32E+11,2.7E+11,2.74E+11,2.36E+11,2.22E+11,2.39E+11,2.26E+11,2.38E+11,2.59E+11,2.91E+11,2.99E+11,3.35E+11,3.85E+11,3.99E+11,4.26E+11
Iceland,ISL,248434097,253885656.3,284916516.2,340061650.1,434267936.9,523694949.4,628893310.4,621225962.2,474399471.6,414709311.4,526704545.5,670251136.4,839652164.1,1154440253,1515190595,1406875081,1669488390,2208509076,2511826196,2853435054,3381419043,3492997010,3206626564,2765950295,2864441356,2984052332,3989622715,5520318353,6106635770,5672569396,6468736287,6909730237,7080981669,6218581472,6389460286,7123633356,7426081278,7569666974,8503693099,8982047589,9025660362,8234846805,9318395055,11429333038,13825302536,16852963067,17465318552,21652505597,18074622987,13154414219,13751161918,15221622926,14751508134,16125060515,17867662178,17517210519,20793168031,24728285177,26267063758,24857740445,21718075725
Italy,ITA,40385288344,44842760293,50383891899,57710743060,63175417019,67978153851,73654870011,81133120065,87942231678,97085082807,1.13E+11,1.25E+11,1.45E+11,1.75E+11,2E+11,2.28E+11,2.25E+11,2.58E+11,3.15E+11,3.94E+11,4.77E+11,4.31E+11,4.27E+11,4.43E+11,4.38E+11,4.52E+11,6.4E+11,8.06E+11,8.92E+11,9.29E+11,1.18E+12,1.25E+12,1.32E+12,1.06E+12,1.1E+12,1.17E+12,1.31E+12,1.24E+12,1.27E+12,1.25E+12,1.14E+12,1.17E+12,1.27E+12,1.57E+12,1.8E+12,1.86E+12,1.95E+12,2.21E+12,2.4E+12,2.19E+12,2.13E+12,2.29E+12,2.09E+12,2.14E+12,2.16E+12,1.84E+12,1.88E+12,1.96E+12,2.09E+12,2.01E+12,1.89E+12
Jamaica,JAM,699050679,748028839.4,777712445.8,826690466.2,897931401.4,972140557.2,1096738065,1148025407,1083883355,1191287652,1404776071,1539865514,1875048860,1905917553,2375096249,2860411286,2966010230,3249697393,2644449232,2425033998,2679409453,2979061412,3293533288,3619294121,2373566957,2100223150,2754566176,3286987552,3828310735,4404970059,4592224067,4106199176,3535460090,5440064773,5452564385,6577523825,7393883555,8400033894,8787195622,8887061867,9005064475,9194717836,9719017926,9430230564,10174664854,11243868486,11930171468,12799593018,13709402085,12120460873,13220556883,14444655300,14807086889,14264202737,13899228824,14188935948,14077109397,14808989993,15730793853,15830768550,13812425037
Japan,JPN,44307342950,53508617739,60723018684,69498131797,81749006382,90950278258,1.06E+11,1.24E+11,1.47E+11,1.72E+11,2.13E+11,2.4E+11,3.18E+11,4.32E+11,4.8E+11,5.22E+11,5.86E+11,7.21E+11,1.01E+12,1.06E+12,1.11E+12,1.22E+12,1.13E+12,1.24E+12,1.32E+12,1.4E+12,2.08E+12,2.53E+12,3.07E+12,3.05E+12,3.13E+12,3.58E+12,3.91E+12,4.45E+12,5E+12,5.55E+12,4.92E+12,4.49E+12,4.1E+12,4.64E+12,4.97E+12,4.37E+12,4.18E+12,4.52E+12,4.89E+12,4.83E+12,4.6E+12,4.58E+12,5.11E+12,5.29E+12,5.76E+12,6.23E+12,6.27E+12,5.21E+12,4.9E+12,4.44E+12,5E+12,4.93E+12,5.04E+12,5.15E+12,5.06E+12
Kenya,KEN,791265458.8,792959472.1,868111400,926589348.6,998759333.6,997919320,1164519673,1232559506,1353295458,1458379415,1603447357,1778391289,2107279157,2508998457,2969942180,3259344936,3474542392,4494378855,5303734883,6234390975,7265315332,6854491454,6431579357,5979198464,6191437070,6135034338,7239126717,7970820531,8355380879,8283114648,8572359163,8151479004,8209129172,5751789915,7148145376,9046326060,12045858436,13115773738,14093998844,12896013577,12705357103,12986007426,13147743911,14904517650,16095337094,18737897745,25825524821,31958195182,35895153328,42347217913,45405587557,46869457318,56396706006,61671425370,68285768554,70120413329,74815121315,82035800868,92202956321,1.01E+11,1.01E+11
St. Kitts and Nevis,KNA,12366563.61,12483229.31,12541562.15,12833226.39,13416554.86,13593932.32,14469078.18,16742338.25,14600000,15850000,16300000,19624746.45,22944849.12,24196018.38,31514856.31,33364055.3,30095602.29,44496296.3,49433333.33,58840740.74,68459259.26,80888888.89,86022222.22,86874074.07,98603703.7,111007407.4,130685185.2,147748148.1,172692592.6,192518518.5,217259259.3,220540740.7,242137037,263755555.6,295159259.3,313485185.2,333944444.4,374641308,383257331.4,406595484.4,421695769.8,458643829,481077373.7,469869869.9,506900000,547203703.7,644411111.1,689285185.2,751233333.3,747862963,760170370.4,817759259.3,800414814.8,839770370.4,916566666.7,923155555.6,1008888889,1060740741,1078518519,1164814815,980740740.7
"Korea, Rep.",KOR,3958190759,2417558289,2814318517,3988784572,3458939358,3120833333,3928908381,4855907142,6119284294,7678581344,9005023184,9903499928,10862327878,13876531432,19544094741,21784297521,29902479339,38446487603,51972107438,66946900826,65398646758,72933350954,78358866335,87760360941,97510235986,1.01E+11,1.17E+11,1.48E+11,2E+11,2.47E+11,2.83E+11,3.31E+11,3.56E+11,3.93E+11,4.64E+11,5.67E+11,6.1E+11,5.7E+11,3.83E+11,4.98E+11,5.76E+11,5.48E+11,6.27E+11,7.03E+11,7.93E+11,9.35E+11,1.05E+12,1.17E+12,1.05E+12,9.44E+11,1.14E+12,1.25E+12,1.28E+12,1.37E+12,1.48E+12,1.47E+12,1.5E+12,1.62E+12,1.72E+12,1.65E+12,1.64E+12
Sri Lanka,LKA,1409873950,1444327731,1434156379,1240672269,1309747899,1698319328,1751470588,1859465021,1801344538,1965546218,2296470588,2369308600,2553936348,2875625000,3574586466,3791298146,3591319857,4104509583,2733183857,3364611432,4024621900,4415844156,4768765017,5167913302,6043474843,5978460972,6405210564,6682167120,6978371581,6987267684,8032551173,9000362582,9703011636,10338679636,11717604209,13029697561,13897738375,15091913884,15794972847,15656327860,16330814180,15749753805,16536535647,18881765437,20662525941,24405791045,28279814925,32350248411,40713812310,42066217872,56725749222,65292753005,68434409315,74317806538,79356449841,80604080689,82401038710,87428128124,87963042341,83990946939,80676681934
Lower middle income,LMC,89912156963,95151131662,96667238933,1.08E+11,1.21E+11,1.3E+11,1.2E+11,1.28E+11,1.38E+11,1.54E+11,1.7E+11,1.79E+11,1.95E+11,2.4E+11,3.2E+11,3.56E+11,3.96E+11,4.55E+11,5.02E+11,5.77E+11,7E+11,8.42E+11,8.67E+11,8.57E+11,8.46E+11,9.01E+11,9.58E+11,9.38E+11,9.56E+11,9.57E+11,1.03E+12,9.7E+11,1.03E+12,1.04E+12,1.12E+12,1.27E+12,1.42E+12,1.45E+12,1.33E+12,1.43E+12,1.51E+12,1.54E+12,1.65E+12,1.89E+12,2.2E+12,2.55E+12,3.03E+12,3.72E+12,4.21E+12,4.28E+12,5.2E+12,5.94E+12,6.23E+12,6.34E+12,6.6E+12,6.46E+12,6.74E+12,7.25E+12,7.35E+12,7.74E+12,7.38E+12
Low & middle income,LMY,3.41E+11,3.26E+11,3.34E+11,3.62E+11,4.05E+11,4.48E+11,4.65E+11,4.76E+11,5.02E+11,5.62E+11,6.16E+11,6.63E+11,7.43E+11,9.45E+11,1.2E+12,1.33E+12,1.43E+12,1.61E+12,1.74E+12,2.07E+12,2.43E+12,2.73E+12,2.7E+12,2.6E+12,2.63E+12,2.79E+12,2.9E+12,3.01E+12,3.18E+12,3.25E+12,3.72E+12,3.59E+12,3.76E+12,4.03E+12,4.43E+12,5E+12,5.47E+12,5.79E+12,5.62E+12,5.49E+12,6E+12,6.06E+12,6.22E+12,7.01E+12,8.32E+12,9.92E+12,1.18E+13,1.46E+13,1.74E+13,1.7E+13,2.06E+13,2.42E+13,2.58E+13,2.73E+13,2.82E+13,2.68E+13,2.69E+13,2.96E+13,3.14E+13,3.22E+13,3.1E+13
Lesotho,LSO,34579308.41,35699286.01,41859162.82,47039059.22,51938961.22,54878902.42,56698866.02,59260814.78,61444771.1,65966680.67,68738625.23,76482102.91,80915831.92,121181556.2,150846210.4,149560513.9,147654093.8,193307267.7,266559337.6,290142517.8,431561376.5,434188034.2,348746822.6,386699308.9,333158476.2,268626912.5,318862888.4,402774852.7,470389179.7,495404888.1,596415104.5,704329192.8,831033941.1,835592802.3,878250450.6,1001889857,946123275.9,997996028.6,928458206,912771290.6,887295267.9,825706961.2,775780697.7,1157832935,1511236656,1682350935,1800105590,1682016947,1766825413,1740830511,2234731974,2579421686,2477702253,2367113170,2441053176,2359759799,2114323794,2306843529,2514146888,2366213069,1875227642
Late-demographic dividend,LTE,1.91E+11,1.73E+11,1.76E+11,1.93E+11,2.12E+11,2.38E+11,2.65E+11,2.67E+11,2.72E+11,3.03E+11,3.45E+11,3.83E+11,4.4E+11,5.67E+11,6.67E+11,7.34E+11,7.91E+11,9.18E+11,9.55E+11,1.14E+12,1.3E+12,1.36E+12,1.39E+12,1.27E+12,1.33E+12,1.44E+12,1.53E+12,1.62E+12,1.77E+12,1.81E+12,1.95E+12,1.96E+12,2.01E+12,2.09E+12,2.43E+12,3.02E+12,3.33E+12,3.48E+12,3.35E+12,3.1E+12,3.4E+12,3.52E+12,3.73E+12,4.25E+12,5.11E+12,6.16E+12,7.44E+12,9.37E+12,1.16E+13,1.13E+13,1.35E+13,1.65E+13,1.76E+13,1.9E+13,1.97E+13,1.85E+13,1.85E+13,2.06E+13,2.25E+13,2.3E+13,2.24E+13
Luxembourg,LUX,703925705.9,704145671.4,741509480.8,791140595.8,903158753.9,921600736.3,968440149.5,974721762.5,1066447131,1234878981,1457768455,1518773421,1901697370,2609875802,3183637117,3123333333,3423586207,3789321328,4718539772,5516982664,6019805490,5053665797,4602316793,4524217751,4438435493,4577211767,6685595088,8320902215,9418167855,10037674038,12778792854,13834219728,15518702635,15925521222,17701798891,20853093870,20895314658,19563836265,20150053345,21891923077,21177470978,21369028188,23537637869,29601904063,35000480507,37658234050,42874225317,51521903915,58604890874,54252213115,56159192758,61615545000,59779802783,65184744717,68713294386,60047430684,62174650367,65549868207,71250208996,70195715496,73353132794
Morocco,MAR,2037150716,2025689537,2379606422,2657247327,2798339769,2948325264,2876395613,3046339295,3271415868,3651615453,3956328426,4356633663,5074117545,6242177798,7675408486,8984824183,9584323309,11049896742,13236854105,15912133569,21728770055,17788171722,17692341358,16251460689,14824728528,14991283216,19462175322,21765261042,25705296184,26314220188,30180108562,32285388165,33711069431,31655473664,35604137423,39030285468,43161452678,39147844526,41806219379,41632027600,38857251336,39459581217,42236836821,52064058834,59626020162,62343022651,68640825481,79041294874,92507257784,92897320376,93216746662,1.01E+11,98266306615,1.07E+11,1.1E+11,1.01E+11,1.03E+11,1.1E+11,1.18E+11,1.2E+11,1.15E+11
Madagascar,MDG,673081724.1,699161943.9,739286906.9,759345863,802482182.9,833563472.2,900264583.7,956436931.1,1031669636,1056391055,1111859570,1199507630,1341590682,1653062347,1917508190,2283049233,2181844194,2358930406,2669755116,3463565881,5201818349,4759333970,4784977349,4686457013,3905938481,3802557895,4347989799,3212900561,3189456961,3175638333,3931334871,3254713056,3714967007,4063298919,3522226903,3838101052,4931861239,4262965282,4401967499,4277903780,4629247091,5438332738,5351701534,6372498720,5064732716,5859269849,6395712392,8524620739,10725137931,9616879571,9982711338,11551819618,11578974888,12423555269,12522957228,11323020829,11848613735,13176313594,13760033097,14104664515,13056079982
Mexico,MEX,13040000000,14160000000,15200000000,16960000000,20080000000,21840000000,24320000000,26560000000,29360000000,32480000000,35520000000,39200000000,45200000000,55280000000,72000000000,88000000000,89025974026,81814159292,1.03E+11,1.35E+11,2.05E+11,2.64E+11,1.85E+11,1.56E+11,1.84E+11,1.95E+11,1.35E+11,1.48E+11,1.82E+11,2.21E+11,2.61E+11,3.13E+11,3.63E+11,5.01E+11,5.28E+11,3.6E+11,4.11E+11,5E+11,5.27E+11,6E+11,7.08E+11,7.57E+11,7.72E+11,7.29E+11,7.82E+11,8.77E+11,9.75E+11,1.05E+12,1.11E+12,9E+11,1.06E+12,1.18E+12,1.2E+12,1.27E+12,1.32E+12,1.17E+12,1.08E+12,1.16E+12,1.22E+12,1.27E+12,1.07E+12
Middle income,MIC,3.29E+11,3.13E+11,3.2E+11,3.43E+11,3.91E+11,4.31E+11,4.46E+11,4.58E+11,4.84E+11,5.41E+11,5.94E+11,6.39E+11,7.16E+11,9.13E+11,1.16E+12,1.28E+12,1.38E+12,1.55E+12,1.68E+12,1.99E+12,2.36E+12,2.65E+12,2.61E+12,2.52E+12,2.55E+12,2.71E+12,2.8E+12,2.89E+12,3.09E+12,3.15E+12,3.61E+12,3.47E+12,3.65E+12,3.92E+12,4.32E+12,4.87E+12,5.33E+12,5.64E+12,5.46E+12,5.34E+12,5.82E+12,5.88E+12,6.02E+12,6.8E+12,8.07E+12,9.62E+12,1.14E+13,1.41E+13,1.69E+13,1.65E+13,2E+13,2.38E+13,2.54E+13,2.69E+13,2.78E+13,2.64E+13,2.66E+13,2.92E+13,3.1E+13,3.18E+13,3.05E+13
Malawi,MWI,162956740.9,174576508.5,183116337.7,190816183.7,194736105.3,229455410.9,260394792.1,269814968.2,245169806.8,265810632.4,290531621.3,365386929.8,406062874.3,444281703.9,548621017.6,613220652.9,670317634.2,806290840.6,949034016.8,1058269066,1237655461,1237685692,1180104216,1223186840,1208008985,1131347798,1183654828,1183094128,1379924257,1590215583,1880771556,2203545857,1799517082,2070636936,1181802596,1397457932,2281034131,2663234934,1750584265,1775921718,1743506531,1716502862,3495748398,3208837077,3476094499,3655909664,3998020177,4432937046,5321012192,6191127665,6959655571,8004000737,6028487929,5518880769,6047813437,6373212641,5433040160,8943543677,9880675786,11025357838,12182348213
Malaysia,MYS,1916241997,1901868548,2001502679,2510126748,2674441396,2956356984,3143538482,3188945512,3330393310,3664575983,3864170913,4244340334,5043268549,7662996767,9496074114,9298800799,11050125905,13139397879,16358376511,21213672089,24488033442,25004557094,26804401816,30346788438,33943505718,31200161095,27734562640,32181695507,35271880250,38848567631,44024178343,49143148094,59167550163,66894837030,74478356958,88705342903,1.01E+11,1E+11,72167498981,79148421053,93789736842,92783947368,1.01E+11,1.1E+11,1.25E+11,1.44E+11,1.63E+11,1.94E+11,2.31E+11,2.02E+11,2.55E+11,2.98E+11,3.14E+11,3.23E+11,3.38E+11,3.01E+11,3.01E+11,3.19E+11,3.59E+11,3.65E+11,3.37E+11
North America,NAC,5.84E+11,6.04E+11,6.47E+11,6.84E+11,7.35E+11,7.98E+11,8.76E+11,9.28E+11,1.01E+12,1.1E+12,1.16E+12,1.26E+12,1.39E+12,1.56E+12,1.71E+12,1.86E+12,2.08E+12,2.29E+12,2.57E+12,2.87E+12,3.13E+12,3.51E+12,3.66E+12,3.98E+12,4.39E+12,4.7E+12,4.96E+12,5.29E+12,5.75E+12,6.21E+12,6.56E+12,6.77E+12,7.11E+12,7.44E+12,7.87E+12,8.25E+12,8.7E+12,9.24E+12,9.7E+12,1.03E+13,1.1E+13,1.13E+13,1.17E+13,1.24E+13,1.32E+13,1.42E+13,1.51E+13,1.59E+13,1.63E+13,1.58E+13,1.66E+13,1.73E+13,1.8E+13,1.86E+13,1.93E+13,1.98E+13,2.03E+13,2.12E+13,2.23E+13,2.32E+13,2.26E+13
Niger,NER,449526872.6,485785234.9,531736492.9,586294761.5,582816358.3,673383604.2,702296184.4,665586975.1,641214210.7,625867922.7,649916708.2,693573595.3,742779740.4,946385033,1026136974,1048690933,1064517575,1291457973,1774365275,2109278102,2508524186,2170893039,2017611927,1803099732,1461243212,1440581534,1904097020,2233005823,2280356338,2179567108,3512356353,3285796980,3386232592,3052673623,1938058161,2302537682,2405687081,2290318800,2643363407,2537790023,2241753120,2448714681,2782192987,3394084885,3760443966,4383315657,4756361480,5731485267,7297600897,7352131669,7851191899,8772951262,9426913349,10224897935,10862944204,9683867894,10398862245,11185102400,12808660528,12916455161,13741378450
Nigeria,NGA,4196092258,4467200336,4909302954,5165489010,5552822484,5874422512,6366792664,5203135937,5200895982,6634187316,12545849083,9181769912,12274416018,15162871287,24846641318,27778934625,36308883249,36035407725,36527862209,47259911894,64201788123,1.64E+11,1.43E+11,97094911791,73484359521,73745821156,54805852581,52676041931,49648470440,44003061108,54035795388,49118433048,47794925815,27752204320,33833042988,44062465800,51075815093,54457835193,54604050168,59372613486,69448756933,74030364472,95385819321,1.05E+11,1.36E+11,1.76E+11,2.36E+11,2.76E+11,3.39E+11,2.95E+11,3.61E+11,4.05E+11,4.56E+11,5.09E+11,5.47E+11,4.87E+11,4.05E+11,3.76E+11,3.97E+11,4.48E+11,4.32E+11
Nicaragua,NIC,223854666.7,240524723.4,265291588.7,292916241.1,341973758.9,566542872.4,606671444,657171436.7,695899980.4,747971449.6,776585681.1,826571413.4,880842890.1,1093571442,1520900045,1590428523,1847871372,2239857061,2142128604,1527852636,2189347368,2448290110,2465165180,2743341724,3105517091,2683816289,2885710609,3851213728,2630904262,1013184746,1009455484,1488804124,1792800000,1756454248,3863185119,4140470000,4308351903,4389965591,4635267225,4855717875,5107329007,5323146566,5224213018,5322454926,5795568205,6321335612,6763418646,7423421958,8496946608,8298679909,8758592272,9774262742,10532006608,10982979274,11880434071,12756706583,13286083645,13785876629,13025239912,12611218627,12621505383
Netherlands,NLD,12276734172,13493833740,14647057370,15891241386,18699380731,21000586933,22867203317,25087562181,27817605743,34035946604,38164716625,44579122807,54706557264,71840909664,87243413395,1E+11,1.09E+11,1.27E+11,1.56E+11,1.8E+11,1.95E+11,1.64E+11,1.58E+11,1.53E+11,1.44E+11,1.44E+11,2.01E+11,2.45E+11,2.62E+11,2.58E+11,3.18E+11,3.28E+11,3.63E+11,3.54E+11,3.79E+11,4.52E+11,4.5E+11,4.17E+11,4.38E+11,4.47E+11,4.16E+11,4.31E+11,4.72E+11,5.79E+11,6.57E+11,6.85E+11,7.33E+11,8.47E+11,9.48E+11,8.68E+11,8.47E+11,9.04E+11,8.39E+11,8.77E+11,8.91E+11,7.65E+11,7.84E+11,8.32E+11,9.14E+11,9.1E+11,9.14E+11
Norway,NOR,5163271598,5632460937,6066976683,6510239503,7159202706,8058681060,8696460205,9514496703,10159934137,11063065083,12814123115,14583114840,17358610850,22534253703,27145693810,32877805200,35942270686,41508030431,46523091010,53132244624,64439382896,63596654761,62647195538,61627240831,62057955033,65416879914,78693253276,94230055659,1.02E+11,1.03E+11,1.2E+11,1.22E+11,1.31E+11,1.21E+11,1.27E+11,1.52E+11,1.64E+11,1.61E+11,1.54E+11,1.62E+11,1.71E+11,1.74E+11,1.96E+11,2.29E+11,2.65E+11,3.09E+11,3.46E+11,4.01E+11,4.62E+11,3.86E+11,4.29E+11,4.98E+11,5.1E+11,5.23E+11,4.98E+11,3.86E+11,3.69E+11,3.98E+11,4.37E+11,4.05E+11,3.62E+11
Nepal,NPL,508334414,531959561.6,574091101.2,496947904.4,496098775.3,735267082.3,906811943.8,841974025.5,772228643.4,788641965.4,865975308.6,882765471.6,1024098805,972101725,1217953547,1575789254,1452792989,1382400000,1604162497,1851250008,1945916583,2275583317,2395429852,2447174803,2581207388,2619913956,2850784523,2957255380,3487009748,3525228153,3627562403,3921476085,3401211581,3660041667,4066775510,4401104418,4521580381,4918691917,4856255044,5033642384,5494252208,6007055042,6050875807,6330473097,7273938315,8130258041,9043715356,10325618017,12545438605,12854985464,16002656434,21621710003,21703106502,22162208956,22731602970,24360795410,24524098184,28971589213,33111525183,34186180695,33657175561
OECD members,OED,1.08E+12,1.14E+12,1.23E+12,1.32E+12,1.45E+12,1.57E+12,1.72E+12,1.85E+12,2E+12,2.21E+12,2.4E+12,2.66E+12,3.09E+12,3.73E+12,4.18E+12,4.69E+12,5.08E+12,5.73E+12,6.89E+12,7.96E+12,8.84E+12,9E+12,8.87E+12,9.16E+12,9.58E+12,1.01E+13,1.22E+13,1.41E+13,1.59E+13,1.67E+13,1.88E+13,1.99E+13,2.14E+13,2.17E+13,2.33E+13,2.57E+13,2.59E+13,2.55E+13,2.57E+13,2.7E+13,2.76E+13,2.74E+13,2.85E+13,3.19E+13,3.55E+13,3.76E+13,3.97E+13,4.34E+13,4.6E+13,4.31E+13,4.52E+13,4.86E+13,4.86E+13,4.92E+13,5.03E+13,4.75E+13,4.84E+13,5.05E+13,5.35E+13,5.4E+13,5.24E+13
Pakistan,PAK,3749265015,4118647627,4310163797,4630827383,5204955901,5929231415,6561108778,7464510710,8041999160,8683116338,10027509450,10665896682,9415016360,6383429490,8899191919,11230606061,13168080808,15126060606,17811515152,19688383838,23654444444,28100606061,30725971564,28691889764,31151825467,31144920844,31899070056,33351529275,38472742808,40171018229,40010423970,45625234698,48884606848,51809949334,52293456906,60636022423,63320122807,62433300338,62191955814,62973855719,82017743416,79484403985,79904985385,91760542940,1.08E+11,1.2E+11,1.37E+11,1.52E+11,1.7E+11,1.68E+11,1.77E+11,2.14E+11,2.24E+11,2.31E+11,2.44E+11,2.71E+11,2.79E+11,3.05E+11,3.15E+11,2.79E+11,2.63E+11
Panama,PAN,537147100,599026300,652120900,722784500,776137500,852485300,928833000,1034376400,1112791100,1221305700,1351006400,1523917200,1673411700,1913793400,2188307600,2435304100,2588106000,2738261900,3244558600,3704551600,4614086400,5222421500,5769767900,5923755900,6183387100,6541517100,6797834200,6827665300,5902783400,5918469800,6433967000,7074675500,8042337700,8782585400,9365289800,9573813700,9870494000,10677286100,11575486400,12130252200,12304115000,12502013400,12994310400,13693981200,15013381700,16374393900,18141666300,21295984230,25155888616,27116635565,29440287581,34686224301,40429734384,45599994005,49921464365,54091713776,57907695409,62202725204,64929409212,66984427150,53977036995
Peru,PER,2571908062,2899654840,3286773188,3600957771,4356913870,5166861068,6113607728,6204253759,5736083835,6420909790,7432223177,8289582884,9189413409,10994381895,13858441211,16877163792,15947709380,14620386674,12495779622,15962459447,18134029180,21649137620,21793496819,17345624454,17599660054,16548827018,15244232958,20702298397,15439408447,22499559086,26410386669,34341465998,35966302303,34832077221,44882079767,53312793687,55252414130,58147522523,55501467877,50187324568,51744749133,52030158775,54777553515,58731030122,66768703498,76060606061,88643193062,1.02E+11,1.21E+11,1.21E+11,1.48E+11,1.72E+11,1.93E+11,2.01E+11,2.01E+11,1.9E+11,1.92E+11,2.11E+11,2.23E+11,2.28E+11,2.02E+11
Philippines,PHL,7515886651,8171186334,4954529277,5505055618,5953766854,6517304758,7189017888,7724873935,8632749269,9571800653,7559179530,8375086047,9067872579,11412421020,15607825070,16875240683,19380945793,22283185056,25762077665,31218507870,36848242784,40499645208,42206011275,37759237658,35730202751,34961565263,33987178952,37791442731,43152077817,48513735777,50508286643,51784207132,60422309297,62036625223,73159245524,84644220102,94648084429,94106183450,74492325247,85640133800,83669693589,78921234457,84307291974,87039145965,95002028505,1.07E+11,1.28E+11,1.56E+11,1.82E+11,1.76E+11,2.08E+11,2.34E+11,2.62E+11,2.84E+11,2.97E+11,3.06E+11,3.19E+11,3.28E+11,3.47E+11,3.77E+11,3.61E+11
Papua New Guinea,PNG,230496033,244832035,261184037.4,275968039.5,305312043.7,344159480.3,390973233.3,441706910.1,485160824.3,551237316.6,645537126.2,717716130.5,858802035.9,1299105241,1467346060,1356591177,1511856584,1640763204,1947947524,2293621944,2545983008,2498068351,2368584970,2562492525,2552526263,2423373088,2648033766,3143848331,3655979702,3546460177,3219730365,3787394958,4377980510,4974550286,5502786070,4636057476,5155311077,4936615299,3789443015,3477038204,3521339699,3081024212,2999511040,3536411824,3927157867,4865892972,8355006707,9545177014,11670840932,11619637799,14250755231,17984910502,21295659244,21261432791,23210682538,21723531173,20759069103,22742613554,24109509853,24751344552,24668899683
Pre-demographic dividend,PRE,20970065732,21565864934,23608069249,27512961951,25629692919,28886918907,31727975016,29956918234,31574550875,35760373797,43744282748,42757455089,49738038517,61096711742,86648974204,98991703006,1.16E+11,1.28E+11,1.43E+11,1.81E+11,2.21E+11,3.09E+11,2.9E+11,2.32E+11,2.11E+11,2.19E+11,2.12E+11,2.35E+11,2.38E+11,2.33E+11,3.71E+11,1.67E+11,1.6E+11,1.44E+11,1.35E+11,1.74E+11,1.93E+11,2.12E+11,2.19E+11,2.4E+11,2.78E+11,2.65E+11,3.04E+11,3.3E+11,4.13E+11,5.15E+11,6.48E+11,7.84E+11,9.82E+11,8.92E+11,1.04E+12,1.2E+12,1.31E+12,1.44E+12,1.51E+12,1.32E+12,1.21E+12,1.26E+12,1.34E+12,1.41E+12,1.29E+12
Puerto Rico,PRI,1691900000,1865100000,2094400000,2333600000,2570500000,2881500000,3170500000,3532700000,3941700000,4460700000,5034700000,5646800000,6328900000,7002400000,7684800000,8198300000,8968600000,9910900000,11165000000,12750000000,14436100000,15955700000,16764200000,17276600000,19162600000,20289200000,22009300000,24025800000,26385800000,28161200000,30603919000,32287031000,34630430000,36922456000,39690630000,42647331000,45340835000,48187039000,54086400000,57841000000,61701800000,69208400000,71623500000,74827400000,80322313000,83914521300,87276164400,89524131600,93639300000,96385600000,98381300000,1E+11,1.02E+11,1.02E+11,1.02E+11,1.03E+11,1.04E+11,1.03E+11,1.01E+11,1.05E+11,1.03E+11
Portugal,PRT,3193200404,3417516639,3668222358,3905734460,4235608178,4687464055,5135387846,5740241166,6354262628,6969025826,8108235704,9201604240,11239117865,15090564186,17512391476,19347607843,20332831565,21439523311,23487614051,26622819672,32896519824,31977276873,30527754793,27239650742,25217969050,27115807742,38745901354,48182925857,56347250696,60594092182,78713860217,89233599278,1.08E+11,95009751901,99688641304,1.18E+11,1.23E+11,1.17E+11,1.24E+11,1.27E+11,1.18E+11,1.21E+11,1.34E+11,1.65E+11,1.89E+11,1.97E+11,2.09E+11,2.4E+11,2.62E+11,2.44E+11,2.38E+11,2.45E+11,2.16E+11,2.26E+11,2.3E+11,1.99E+11,2.06E+11,2.21E+11,2.42E+11,2.4E+11,2.29E+11
Post-demographic dividend,PST,1.05E+12,1.11E+12,1.19E+12,1.29E+12,1.4E+12,1.53E+12,1.67E+12,1.8E+12,1.95E+12,2.14E+12,2.34E+12,2.59E+12,3.01E+12,3.63E+12,4.06E+12,4.54E+12,4.93E+12,5.58E+12,6.7E+12,7.7E+12,8.53E+12,8.63E+12,8.59E+12,8.91E+12,9.31E+12,9.81E+12,1.2E+13,1.39E+13,1.57E+13,1.63E+13,1.84E+13,1.94E+13,2.08E+13,2.09E+13,2.25E+13,2.5E+13,2.51E+13,2.46E+13,2.47E+13,2.59E+13,2.64E+13,2.61E+13,2.72E+13,3.06E+13,3.39E+13,3.57E+13,3.76E+13,4.1E+13,4.34E+13,4.09E+13,4.26E+13,4.58E+13,4.57E+13,4.62E+13,4.71E+13,4.46E+13,4.57E+13,4.76E+13,5.05E+13,5.1E+13,4.96E+13
Rwanda,RWA,119000024,122000016,125000008,128000000,129999994,148799980,124525702.9,159560018,172200018,188700037,219900006,222952578.2,246457838.3,290746157.1,308458423.2,571863295.7,637754162.1,746650558.6,905709147.3,1109346221,1254765350,1407062608,1407242640,1479688126,1587412957,1715625839,1944711061,2157434025,2395493878,2405021933,2550185618,1911600970,2029026704,1971525999,753636370.5,1293535011,1382334879,1851558302,1989343495,2155659413,2067528500,1965444515,1964779921,2137093489,2375281627,2932213575,3317951468,4068065929,5177015141,5671332138,6121234529,6881038270,7650300320,7815599503,8241332517,8539048448,8690485823,9253098954,9640280084,10355974217,10333991456
South Asia,SAS,47170699607,50331770781,53721519494,60426255395,69179494304,74296512694,62475116958,68733357253,72039818017,79195490145,85737283040,91195879601,91680529302,1.05E+11,1.27E+11,1.36E+11,1.33E+11,1.54E+11,1.75E+11,1.96E+11,2.36E+11,2.5E+11,2.59E+11,2.74E+11,2.73E+11,2.97E+11,3.14E+11,3.49E+11,3.75E+11,3.78E+11,4.07E+11,3.62E+11,3.85E+11,3.81E+11,4.32E+11,4.8E+11,5.25E+11,5.51E+11,5.58E+11,5.98E+11,6.3E+11,6.46E+11,6.78E+11,7.91E+11,9.17E+11,1.05E+12,1.2E+12,1.5E+12,1.53E+12,1.68E+12,2.06E+12,2.27E+12,2.3E+12,2.36E+12,2.58E+12,2.7E+12,2.93E+12,3.35E+12,3.44E+12,3.6E+12,3.39E+12
Sudan,SDN,1307333333,1419333333,1541666667,1568333333,1611333333,1679333333,1723000000,1865666667,1947333333,2144333333,2437666667,2656000000,2882000000,3571666667,4595000000,5598000000,6979333333,8704000000,7670500000,9032250000,7459833333,10016500000,9240000000,8230153846,9701357143,12403733333,15769062500,20155555556,15399166667,15291507937,12408647541,11379222222,7034219713,8881785938,12794192334,13829744879,9018243044,11681494637,11250327988,10682045258,12257418326,15716489370,18136839087,21355576673,26645490675,35182105414,45264519503,59440139775,64831935604,51621044077,58962978034,55018567211,37632919967,43024018082,49516748618,51726758677,42630376000,41283617976,30964349685,26155799325,21329109522
Senegal,SEN,1003692375,1058975266,1085475573,1122139637,1188930568,1210058396,1246908374,1246480959,1309384830,1245234807,1297407829,1339548824,1620857277,1863398448,2099324950,2830388405,2869777812,2938046307,3280354339,4084878668,4510107330,4095892072,4013950868,3569356462,3485165161,3818944603,5392093508,6487352283,6418419798,6366039353,7390967035,7255210701,7769817869,7367985695,5034588159,6326342963,6559712551,6041478436,6505607633,6592835458,6013184809,6507824767,7006402592,8768721956,10076817278,11009032665,11697918803,13994218939,16853991177,16145868285,16121314671,17814284622,17660871726,18918668644,19797254643,17774766636,19040312815,20996564752,23116699808,23306213742,24644234595
Singapore,SGP,704756304.7,764634783.7,826244610,917614007.6,894159153.3,974650463.9,1096432771,1238043904,1425715406,1659904613,1920586698,2263785444,2721440981,3696213333,5221534956,5633673930,6327077974,6618585074,7517176355,9296921724,11896256783,14175228844,16084252378,17784112150,19749361098,19156532746,18586746057,20919215578,25371462488,30465364739,36144336769,45466164978,52130263966,60603478153,73690847191,87810991957,96295886525,1E+11,85728310229,86284660767,96074477958,89794943350,92537752709,97645448284,1.15E+11,1.28E+11,1.49E+11,1.81E+11,1.94E+11,1.94E+11,2.4E+11,2.79E+11,2.95E+11,3.08E+11,3.15E+11,3.08E+11,3.19E+11,3.43E+11,3.76E+11,3.74E+11,3.4E+11
Sierra Leone,SLE,322009471.6,327834680.6,342721579.8,348546952.1,371848114.7,359379856.2,375479849.8,348795303,329860091.9,408690163.5,434410373.8,419549425.1,465381090,575230234.4,648590642.9,679335901.1,594895672.3,691777758.4,960728338.9,1109374722,1100685845,1114830472,1295361886,995104305.3,1087471862,856890498.6,490181456.6,701307602.3,1055083945,932974411.9,649644826.8,779981458.9,679997997.6,768812334.8,911915970.7,870758739.4,941742152.7,850218033.6,672375927.3,669384768.9,635874002.2,1090467712,1253340520,1385810072,1448536631,1650494367,1885112202,2158496873,2505458705,2453899847,2578026297,2942546781,3801862611,4920343195,5015157816,4218723875,3674794530,3719369107,4085114794,4076578543,4063289450
Sub-Saharan Africa (excluding high income),SSA,29256276234,30399832763,32936474200,37735199818,36852111793,41046896095,44289341423,43784023073,46818456208,53538073723,62999568291,64071739213,72386003258,92613114301,1.21E+11,1.33E+11,1.45E+11,1.59E+11,1.76E+11,2.12E+11,2.67E+11,3.72E+11,3.42E+11,2.98E+11,2.6E+11,2.47E+11,2.55E+11,2.9E+11,2.98E+11,2.96E+11,3.34E+11,3.37E+11,3.38E+11,3.31E+11,3.23E+11,3.76E+11,3.92E+11,4.07E+11,3.94E+11,3.98E+11,4.22E+11,4.05E+11,4.41E+11,5.55E+11,6.91E+11,8.2E+11,9.67E+11,1.12E+12,1.27E+12,1.22E+12,1.44E+12,1.61E+12,1.68E+12,1.78E+12,1.85E+12,1.68E+12,1.56E+12,1.67E+12,1.75E+12,1.8E+12,1.7E+12
Sub-Saharan Africa,SSF,29267715826,30410733044,32948375264,37748216584,36866803374,41061560164,44304731190,43799651902,46833297634,53552935963,63016042903,64092010575,72415269922,92648034304,1.21E+11,1.33E+11,1.45E+11,1.59E+11,1.76E+11,2.12E+11,2.67E+11,3.72E+11,3.42E+11,2.98E+11,2.6E+11,2.47E+11,2.55E+11,2.9E+11,2.98E+11,2.96E+11,3.34E+11,3.38E+11,3.38E+11,3.32E+11,3.24E+11,3.76E+11,3.93E+11,4.08E+11,3.95E+11,3.99E+11,4.23E+11,4.06E+11,4.41E+11,5.56E+11,6.92E+11,8.21E+11,9.68E+11,1.12E+12,1.27E+12,1.22E+12,1.44E+12,1.61E+12,1.68E+12,1.79E+12,1.85E+12,1.68E+12,1.56E+12,1.67E+12,1.75E+12,1.8E+12,1.71E+12
Suriname,SUR,99650000,107700000,116150000,125950000,134400000,154150000,190350000,220700000,241350000,259650000,274900000,301000000,311950000,339450000,409850000,465500000,505500000,641500000,735500000,782500000,795000000,889000000,915000000,883500000,864000000,873000000,891000000,980000000,1161000000,542600000,388400000,448100000,404600000,428764705.9,605492537.3,691590497.7,861411471.3,926422500,1110850000,886290697.7,947671969.7,834279357.8,1093574468,1274190311,1484092538,1793388732,2626380435,2936612022,3532969035,3875409836,4368398048,4422276622,4980000000,5145757576,5240606061,5126291451,3317438911,3591623596,3996247906,3984483762,2884248048
Sweden,SWE,15822585034,17212686615,18667251380,20204870630,22532416750,24795499686,26971486546,29275995675,31066819929,33738102482,38092452061,41566412923,48954145809,59404966684,66013338965,82885397621,89362071673,94468740851,1.04E+11,1.23E+11,1.42E+11,1.3E+11,1.14E+11,1.05E+11,1.09E+11,1.14E+11,1.5E+11,1.83E+11,2.07E+11,2.18E+11,2.62E+11,2.74E+11,2.84E+11,2.13E+11,2.29E+11,2.67E+11,2.92E+11,2.68E+11,2.71E+11,2.74E+11,2.63E+11,2.42E+11,2.67E+11,3.34E+11,3.85E+11,3.92E+11,4.23E+11,4.91E+11,5.18E+11,4.37E+11,4.96E+11,5.74E+11,5.52E+11,5.87E+11,5.82E+11,5.05E+11,5.16E+11,5.41E+11,5.55E+11,5.34E+11,5.41E+11
Eswatini,SWZ,35076158.48,43025199.5,45927061.46,54128377.43,64979280.41,70278594.43,76858462.83,74758504.83,79798404.03,105417891.6,112137757.2,136465324.4,146741251.5,221902017.3,264311994.1,288302907.4,272539098.4,304047838.1,340616375.3,412093133.8,542000513.6,570761166.8,537575980.8,555336145.8,494475699.9,360075380.3,449146608.3,584135559.9,692016714.3,696915430.7,1114703088,1156141998,1284766234,1357206996,1419293455,1698982438,1602760100,1716699913,1576904292,1547884442,1738100853,1542477309,1432228125,2197612701,2770082792,3178126492,3291353836,3469363996,3294093485,3580417067,4438778424,4820499924,4886533033,4597532030,4422968340,4063245671,3816022047,4402969226,4665420239,4495679481,3972728948
Seychelles,SYC,12012012.01,11592011.59,12642026.57,13923029.26,15393032.35,15603032.8,16443034.56,16632032.81,16074027.35,16452027.99,18432031.36,21965951.72,30645121.01,36896278.22,43134498.69,47803145.96,49278979.55,64526398.66,85552369.91,127261099.2,147357222.8,154902869,147912069.8,146712850.5,151313242,168887539.1,207850623.6,249267039.8,283828769,304832867.4,368584758.9,374359556.1,433667193.8,473916819.5,486451204.6,508221508.2,503068472.2,562958836.5,608369282.2,622985493.7,614879764.8,622262057.2,697518248.2,705704816,839319927.3,919103254.5,1016418229,1033561654,967199594,847397850.1,969936525.3,1065826670,1060226126,1328157609,1343007845,1377495054,1426651769,1528242026,1547690759,1582841059,1059886364
Chad,TCD,313582729.4,333975338.8,357635713.9,371767002.7,392247517.6,416926303,432794922.5,449826323,453980096.7,471635620.9,469266736.6,501866730.7,585427545.7,647199482.8,652532796.1,864602103.3,866044961,935360466.4,1113920123,1004316495,1033002402,876937559.7,834369860.4,832415806,919103735.3,1033069710,1067828247,1163426851,1482597299,1433686310,1738605558,1877138042,1881847677,1463251055,1179837955,1445919970,1607345450,1544689503,1744794457,1534673583,1388506727,1710843361,1997005787,2742815195,4422855929,6649307057,7428701809,8650138069,10393834721,9290728773,10668102735,12172309523,12367363678,12953535496,13940768066,10950392220,10097778354,10000395242,11239167048,11314951343,10829076802
East Asia & Pacific (IDA & IBRD countries),TEA,81224998645,71507028612,65298535416,70737726806,81640221385,95037886875,1.04E+11,1.01E+11,1.02E+11,1.15E+11,1.27E+11,1.37E+11,1.55E+11,1.95E+11,2.21E+11,2.48E+11,2.52E+11,2.91E+11,2.82E+11,3.27E+11,3.78E+11,4.03E+11,4.23E+11,4.43E+11,4.8E+11,5.26E+11,5.24E+11,5.18E+11,5.75E+11,6.22E+11,6.66E+11,7.23E+11,8.1E+11,8.89E+11,1.07E+12,1.32E+12,1.52E+12,1.57E+12,1.43E+12,1.57E+12,1.73E+12,1.84E+12,2.04E+12,2.31E+12,2.68E+12,3.1E+12,3.74E+12,4.72E+12,5.97E+12,6.48E+12,7.85E+12,9.6E+12,1.07E+13,1.18E+13,1.27E+13,1.33E+13,1.35E+13,1.48E+13,1.66E+13,1.71E+13,1.74E+13
Togo,TGO,121128073.1,126396469.7,132237441.6,143255784.5,166104067.6,187300336.4,216136263.9,231706475.5,241956910.7,267732446.4,253976626.2,286537525,335677636.9,406479906.2,560437742.6,617321669.4,619375134.2,777435020.5,824263841.5,891775906.6,1136408814,962347001,821651918.7,765746590.6,718148959.6,762359722.7,1060911735,1249099130,1378847487,1352949663,1628427515,1602299863,1692959110,1233496846,982624324.5,1309382885,1465448290,1498950899,1587345951,1576672792,1491891108,1482437752,1706698099,2115836353,2259992642,2281482855,2351584608,2662612348,3323677130,3379258565,3429461495,3872459250,3873308389,4321655656,4574986537,4180866177,6031632168,6395472574,7112200725,7220395248,7574636979
Thailand,THA,2760747472,3034043574,3308912797,3540403457,3889129942,4388937649,5279230817,5638461442,6081009428,6695336567,7086538438,7375000024,8177884553,10838587358,13703000530,14882747955,16985211146,19779315170,24006570178,27371699083,32353440727,34846107862,36589797857,40042826244,41797592963,38900692712,43096746122,50535438696,61667199835,72250877410,85343063966,98234695722,1.11E+11,1.29E+11,1.47E+11,1.69E+11,1.83E+11,1.5E+11,1.14E+11,1.27E+11,1.26E+11,1.2E+11,1.34E+11,1.52E+11,1.73E+11,1.89E+11,2.22E+11,2.63E+11,2.91E+11,2.82E+11,3.41E+11,3.71E+11,3.98E+11,4.2E+11,4.07E+11,4.01E+11,4.13E+11,4.56E+11,5.07E+11,5.44E+11,5.02E+11
Latin America & the Caribbean (IDA & IBRD countries),TLA,,84140069282,92113796551,93696328250,1.04E+11,1.12E+11,1.23E+11,1.25E+11,1.34E+11,1.5E+11,1.63E+11,1.81E+11,2.04E+11,2.73E+11,3.57E+11,3.74E+11,4.1E+11,4.51E+11,5.1E+11,6.07E+11,7.43E+11,8.52E+11,7.85E+11,6.81E+11,6.77E+11,7.07E+11,7.1E+11,7.5E+11,8.38E+11,8.64E+11,1.04E+12,1.12E+12,1.23E+12,1.44E+12,1.69E+12,1.83E+12,1.99E+12,2.19E+12,2.2E+12,1.97E+12,2.18E+12,2.12E+12,1.89E+12,1.92E+12,2.22E+12,2.71E+12,3.19E+12,3.77E+12,4.41E+12,4.13E+12,5.16E+12,5.89E+12,5.94E+12,6.09E+12,6.21E+12,5.14E+12,5.01E+12,5.59E+12,5.46E+12,5.38E+12,4.48E+12
South Asia (IDA & IBRD),TSA,47170699607,50331770781,53721519494,60426255395,69179494304,74296512694,62475116958,68733357253,72039818017,79195490145,85737283040,91195879601,91680529302,1.05E+11,1.27E+11,1.36E+11,1.33E+11,1.54E+11,1.75E+11,1.96E+11,2.36E+11,2.5E+11,2.59E+11,2.74E+11,2.73E+11,2.97E+11,3.14E+11,3.49E+11,3.75E+11,3.78E+11,4.07E+11,3.62E+11,3.85E+11,3.81E+11,4.32E+11,4.8E+11,5.25E+11,5.51E+11,5.58E+11,5.98E+11,6.3E+11,6.46E+11,6.78E+11,7.91E+11,9.17E+11,1.05E+12,1.2E+12,1.5E+12,1.53E+12,1.68E+12,2.06E+12,2.27E+12,2.3E+12,2.36E+12,2.58E+12,2.7E+12,2.93E+12,3.35E+12,3.44E+12,3.6E+12,3.39E+12
Sub-Saharan Africa (IDA & IBRD countries),TSS,29267715826,30410733044,32948375264,37748216584,36866803374,41061560164,44304731190,43799651902,46833297634,53552935963,63016042903,64092010575,72415269922,92648034304,1.21E+11,1.33E+11,1.45E+11,1.59E+11,1.76E+11,2.12E+11,2.67E+11,3.72E+11,3.42E+11,2.98E+11,2.6E+11,2.47E+11,2.55E+11,2.9E+11,2.98E+11,2.96E+11,3.34E+11,3.38E+11,3.38E+11,3.32E+11,3.24E+11,3.76E+11,3.93E+11,4.08E+11,3.95E+11,3.99E+11,4.23E+11,4.06E+11,4.41E+11,5.56E+11,6.92E+11,8.21E+11,9.68E+11,1.12E+12,1.27E+12,1.22E+12,1.44E+12,1.61E+12,1.68E+12,1.79E+12,1.85E+12,1.68E+12,1.56E+12,1.67E+12,1.75E+12,1.8E+12,1.71E+12
Trinidad and Tobago,TTO,535670127.7,584961208.7,619319197.3,678235373,711893367.6,736568861.9,723735635.5,761981474,758899950,779200000,821850000,896754316.7,1083381044,1308799459,2042031901,2442667573,2500410584,3138666667,3562333458,4602416625,6235833333,6992083333,8140416667,7763750000,7757083333,7375918367,4794444444,4797777778,4496852073,4323058824,5068000000,5307905882,5439552941,4669488516,4947205860,5329214163,5759537726,5737751332,6043694330,6808982521,8154338233,8824873259,9008273721,11305459802,13280275123,15982282462,18369361094,21641620050,27871587350,19172165226,22157948396,25433011405,25763220107,27268478565,27615843098,24959858249,22386264807,22385426654,23679919655,23208326548,21588037505
Turkey,TUR,13995067818,7988888889,8922222222,10355555556,11177777778,11966666667,14100000000,15644444444,17500000000,19466666667,17086956522,16256619964,20431095406,25724381625,35599913836,44633707243,51280134554,58676813687,65147022486,89394085658,68789289566,71040020140,64546332581,61678280115,59989909458,67234948265,75728009963,87172789528,90852814005,1.07E+11,1.51E+11,1.5E+11,1.58E+11,1.8E+11,1.31E+11,1.69E+11,1.81E+11,1.9E+11,2.76E+11,2.56E+11,2.74E+11,2.02E+11,2.4E+11,3.15E+11,4.09E+11,5.06E+11,5.57E+11,6.81E+11,7.7E+11,6.49E+11,7.77E+11,8.39E+11,8.81E+11,9.58E+11,9.39E+11,8.64E+11,8.7E+11,8.59E+11,7.78E+11,7.61E+11,7.2E+11
Uganda,UGA,423008385.7,441524109,449012578.6,516147798.7,589056603.8,884873949.6,925770308.1,967647058.8,1037815126,1169047619,1260084034,1417787115,1491596639,1702521008,2100142653,2359555556,2447300000,2936470588,2420260870,2139025000,1244610000,1337300000,2177500000,2240333333,3615647477,3519666339,3923232122,6269511615,6508931652,5276480986,4304398866,3321729057,2857457860,3220439044,3990430447,5755818947,6044585327,6269333313,6584815847,5998563258,6193246837,5840503869,6178563591,6606884391,7939487474,9239221859,9977647645,11902564401,14440404021,25127805566,26673441667,27871725206,27305915761,28915786997,32612397758,32387183845,29203988815,30744473912,32927025573,35353060634,37600368181
Upper middle income,UMC,2.48E+11,2.18E+11,2.24E+11,2.35E+11,2.7E+11,3.01E+11,3.33E+11,3.35E+11,3.49E+11,3.91E+11,4.28E+11,4.66E+11,5.3E+11,6.9E+11,8.55E+11,9.42E+11,9.93E+11,1.1E+12,1.18E+12,1.43E+12,1.66E+12,1.8E+12,1.72E+12,1.63E+12,1.68E+12,1.77E+12,1.8E+12,1.92E+12,2.13E+12,2.19E+12,2.59E+12,2.51E+12,2.62E+12,2.88E+12,3.2E+12,3.6E+12,3.91E+12,4.19E+12,4.13E+12,3.91E+12,4.31E+12,4.34E+12,4.37E+12,4.9E+12,5.88E+12,7.07E+12,8.39E+12,1.04E+13,1.27E+13,1.22E+13,1.48E+13,1.79E+13,1.92E+13,2.06E+13,2.12E+13,1.99E+13,1.98E+13,2.19E+13,2.36E+13,2.4E+13,2.32E+13
Uruguay,URY,1242289239,1547388781,1710004407,1539681491,1975701816,1890769326,1809183975,1597721080,1593675330,2004435484,2137096774,2807258065,2189418001,3964295673,4090209682,3538283322,3667161241,4114667063,4910257283,7181185278,10163020116,11048335541,9178802163,5102281256,4850241442,4732017873,5880112788,7367494080,8213515459,8438951476,9298839655,11205971155,12878199881,15002106518,17474647792,19297663097,20515543039,23969823010,25385928189,23983945191,22823255802,20898788417,13606494599,12045631093,13686329890,17362857684,19579457966,23410572634,30366213119,31660911277,40284481652,47962439304,51264390116,57531233351,57236013086,53274304222,57236652490,64233966861,64515038268,61231149881,53628827440
United States,USA,5.43E+11,5.63E+11,6.05E+11,6.39E+11,6.86E+11,7.44E+11,8.15E+11,8.62E+11,9.43E+11,1.02E+12,1.07E+12,1.16E+12,1.28E+12,1.43E+12,1.55E+12,1.68E+12,1.87E+12,2.08E+12,2.35E+12,2.63E+12,2.86E+12,3.21E+12,3.34E+12,3.63E+12,4.04E+12,4.34E+12,4.58E+12,4.86E+12,5.24E+12,5.64E+12,5.96E+12,6.16E+12,6.52E+12,6.86E+12,7.29E+12,7.64E+12,8.07E+12,8.58E+12,9.06E+12,9.63E+12,1.03E+13,1.06E+13,1.09E+13,1.15E+13,1.22E+13,1.3E+13,1.38E+13,1.45E+13,1.47E+13,1.44E+13,1.5E+13,1.55E+13,1.62E+13,1.68E+13,1.75E+13,1.82E+13,1.87E+13,1.95E+13,2.06E+13,2.14E+13,2.1E+13
St. Vincent and the Grenadines,VCT,13066557.78,13999883.33,14524878.96,13708219.1,14758210.35,15108207.43,16099865.83,15835177.93,15350000,16650000,18450000,20051648.18,27585488.99,30165373.62,32924215.86,33237164.72,32792480.97,49353161.85,60844771.48,71096359.63,82340339.63,102086539.3,113759203.3,122255349.6,135024987.8,145641705.2,160846656.7,175580647.4,200726712.6,214745002.2,240366666.7,254829629.6,277955555.6,286307407.4,289437037,316007407.4,331488888.9,347770370.4,373618518.5,390718518.5,396262963,430040740.7,461885185.2,481807407.4,521974074.1,550729629.6,610929629.6,684444444.4,695429629.6,674922222.2,681225925.9,676129629.6,692933333.3,721207407.4,727714814.8,755400000,774429629.6,792177777.8,811300000,825040740.7,807474074.1
World,WLD,1.39E+12,1.44E+12,1.55E+12,1.67E+12,1.82E+12,1.99E+12,2.16E+12,2.29E+12,2.48E+12,2.73E+12,2.99E+12,3.3E+12,3.8E+12,4.64E+12,5.35E+12,5.96E+12,6.48E+12,7.33E+12,8.63E+12,1E+13,1.13E+13,1.17E+13,1.16E+13,1.18E+13,1.22E+13,1.29E+13,1.52E+13,1.73E+13,1.93E+13,2.01E+13,2.27E+13,2.37E+13,2.54E+13,2.58E+13,2.79E+13,3.1E+13,3.17E+13,3.16E+13,3.15E+13,3.27E+13,3.38E+13,3.36E+13,3.49E+13,3.91E+13,4.41E+13,4.78E+13,5.18E+13,5.83E+13,6.4E+13,6.07E+13,6.65E+13,7.37E+13,7.53E+13,7.74E+13,7.96E+13,7.51E+13,7.63E+13,8.12E+13,8.63E+13,8.76E+13,8.47E+13
South Africa,ZAF,7575396973,7972996814,8497996604,9423396235,10373995855,11334395471,12354995063,13777394495,14894594048,16780393295,18418392640,20333691316,21357435928,29295674714,36807721038,38114542813,36603349970,40651349967,46739449962,57645721018,82980483388,85454420500,78423059790,87415851376,77344092907,59082638804,67521602553,88573697223,95176640968,99030856825,1.16E+11,1.24E+11,1.35E+11,1.47E+11,1.54E+11,1.72E+11,1.63E+11,1.69E+11,1.53E+11,1.52E+11,1.52E+11,1.35E+11,1.29E+11,1.97E+11,2.56E+11,2.89E+11,3.04E+11,3.33E+11,3.16E+11,3.3E+11,4.17E+11,4.58E+11,4.34E+11,4.01E+11,3.81E+11,3.47E+11,3.24E+11,3.81E+11,4.05E+11,3.88E+11,3.35E+11
Zambia,ZMB,713000000,696285714.3,693142857.1,718714285.7,839428571.4,1082857143,1264285714,1368000000,1605857143,1965714286,1825285714,1687000000,1910714286,2268714286,3121833333,2618666667,2746714286,2483000000,2813375000,3325500000,3829500000,3872666667,3994777778,3216307692,2739444444,2281258065,1661948718,2269894737,3713614458,3998637681,3285217391,3378882353,3181921788,3273237853,3656647744,3807067122,3597220962,4303281932,3537683046,3404311977,3600683040,4094480988,4193845678,4901839731,6221077675,8331870169,12756858899,14056957976,17910858638,15328342304,20265559484,23459515276,25503060420,28037239463,27141023558,21251216799,20958412538,25873601261,26311590297,23308667781,18110631358
Zimbabwe,ZWE,1052990400,1096646600,1117601600,1159511700,1217138000,1311435800,1281749500,1397002000,1479599900,1747998800,1884206300,2178716300,2677729400,3309353600,3982161400,4371300700,4318372000,4364382100,4351600500,5177459400,6678868200,8011373800,8539700700,7764067000,6352125900,5637259300,6217523700,6741215100,7814784100,8286322700,8783816700,8641481700,6751472200,6563813300,6890675000,7111270700,8553146600,8529571600,6401968200,6858013100,6689957600,6777384700,6342116400,5727591800,5805598400,5755215200,5443896500,5291950100,4415702800,9665793300,12041655200,14101920300,17114849900,19091020000,19495519600,19963120600,20548678100,17584890937,18115543791,19284289739,18051170799
